report_date,channel,campaign,spend_usd,attributed_revenue,roas
2025-06-01,affiliate,coupon_site,877.16,0.0,0.0
2025-06-01,affiliate,partner_blog,1057.43,604.49,0.57
2025-06-01,paid_search,brand_search_q4,1048.13,778.97,0.74
2025-06-01,paid_search,generic_shoes,587.96,817.9,1.39
2025-06-01,paid_search,retargeting_search,1003.64,1091.57,1.09
2025-06-01,paid_social,meta_prospecting,801.09,329.71,0.41
2025-06-01,paid_social,meta_retarget,524.72,71.06,0.14
2025-06-01,paid_social,tiktok_awareness,690.9,261.71,0.38
2025-06-02,affiliate,coupon_site,382.92,279.99,0.73
2025-06-02,affiliate,partner_blog,299.77,184.61,0.62
2025-06-02,paid_search,brand_search_q4,233.75,134.6,0.58
2025-06-02,paid_search,generic_shoes,255.69,765.16,2.99
2025-06-02,paid_search,retargeting_search,612.66,857.08,1.4
2025-06-02,paid_social,meta_prospecting,821.24,247.88,0.3
2025-06-02,paid_social,meta_retarget,721.25,420.8,0.58
2025-06-02,paid_social,tiktok_awareness,778.1,595.24,0.76
2025-06-03,affiliate,coupon_site,681.94,665.17,0.98
2025-06-03,affiliate,partner_blog,777.72,42.48,0.05
2025-06-03,paid_search,brand_search_q4,1189.43,776.41,0.65
2025-06-03,paid_search,generic_shoes,595.92,599.61,1.01
2025-06-03,paid_search,retargeting_search,911.88,481.16,0.53
2025-06-03,paid_social,meta_prospecting,87.62,1350.27,15.41
2025-06-03,paid_social,meta_retarget,1099.74,805.93,0.73
2025-06-03,paid_social,tiktok_awareness,966.75,2039.72,2.11
2025-06-04,affiliate,coupon_site,52.37,964.58,18.42
2025-06-04,affiliate,partner_blog,641.51,442.11,0.69
2025-06-04,paid_search,brand_search_q4,926.94,528.35,0.57
2025-06-04,paid_search,generic_shoes,493.15,1193.73,2.42
2025-06-04,paid_search,retargeting_search,217.63,1585.97,7.29
2025-06-04,paid_social,meta_prospecting,304.95,569.32,1.87
2025-06-04,paid_social,meta_retarget,730.88,78.94,0.11
2025-06-04,paid_social,tiktok_awareness,981.86,779.78,0.79
2025-06-05,affiliate,coupon_site,122.35,450.17,3.68
2025-06-05,affiliate,partner_blog,670.5,961.39,1.43
2025-06-05,paid_search,brand_search_q4,263.75,696.37,2.64
2025-06-05,paid_search,generic_shoes,718.01,1310.44,1.83
2025-06-05,paid_search,retargeting_search,88.02,1232.88,14.01
2025-06-05,paid_social,meta_prospecting,1174.41,931.41,0.79
2025-06-05,paid_social,meta_retarget,201.92,1351.79,6.69
2025-06-05,paid_social,tiktok_awareness,853.87,1529.43,1.79
2025-06-06,affiliate,coupon_site,436.14,536.82,1.23
2025-06-06,affiliate,partner_blog,128.01,292.15,2.28
2025-06-06,paid_search,brand_search_q4,249.64,645.85,2.59
2025-06-06,paid_search,generic_shoes,910.89,147.9,0.16
2025-06-06,paid_search,retargeting_search,1128.77,791.02,0.7
2025-06-06,paid_social,meta_prospecting,1109.43,933.95,0.84
2025-06-06,paid_social,meta_retarget,464.22,544.83,1.17
2025-06-06,paid_social,tiktok_awareness,144.69,325.62,2.25
2025-06-07,affiliate,coupon_site,525.64,1304.35,2.48
2025-06-07,affiliate,partner_blog,426.4,1336.57,3.13
2025-06-07,paid_search,brand_search_q4,225.69,1068.33,4.73
2025-06-07,paid_search,generic_shoes,1080.21,2147.43,1.99
2025-06-07,paid_search,retargeting_search,627.9,876.52,1.4
2025-06-07,paid_social,meta_prospecting,131.61,998.02,7.58
2025-06-07,paid_social,meta_retarget,381.6,1507.91,3.95
2025-06-07,paid_social,tiktok_awareness,798.04,797.72,1.0
2025-06-08,affiliate,coupon_site,765.09,770.37,1.01
2025-06-08,affiliate,partner_blog,255.38,576.4,2.26
2025-06-08,paid_search,brand_search_q4,1020.54,835.81,0.82
2025-06-08,paid_search,generic_shoes,402.27,929.12,2.31
2025-06-08,paid_search,retargeting_search,98.35,1282.99,13.05
2025-06-08,paid_social,meta_prospecting,491.81,571.47,1.16
2025-06-08,paid_social,meta_retarget,762.13,1232.06,1.62
2025-06-08,paid_social,tiktok_awareness,712.93,260.82,0.37
2025-06-09,affiliate,coupon_site,149.02,293.74,1.97
2025-06-09,affiliate,partner_blog,349.0,491.61,1.41
2025-06-09,paid_search,brand_search_q4,504.25,453.87,0.9
2025-06-09,paid_search,generic_shoes,747.07,1228.01,1.64
2025-06-09,paid_search,retargeting_search,649.51,450.78,0.69
2025-06-09,paid_social,meta_prospecting,950.36,999.36,1.05
2025-06-09,paid_social,meta_retarget,989.62,602.34,0.61
2025-06-09,paid_social,tiktok_awareness,976.73,647.69,0.66
2025-06-10,affiliate,coupon_site,1140.12,520.87,0.46
2025-06-10,affiliate,partner_blog,262.66,514.73,1.96
2025-06-10,paid_search,brand_search_q4,388.74,1114.95,2.87
2025-06-10,paid_search,generic_shoes,53.2,1667.59,31.35
2025-06-10,paid_search,retargeting_search,348.58,1909.8,5.48
2025-06-10,paid_social,meta_prospecting,570.19,1062.73,1.86
2025-06-10,paid_social,meta_retarget,78.07,1775.71,22.75
2025-06-10,paid_social,tiktok_awareness,1003.38,590.42,0.59
2025-06-11,affiliate,coupon_site,952.39,303.06,0.32
2025-06-11,affiliate,partner_blog,749.26,69.05,0.09
2025-06-11,paid_search,brand_search_q4,507.38,1000.18,1.97
2025-06-11,paid_search,generic_shoes,1023.2,2108.87,2.06
2025-06-11,paid_search,retargeting_search,694.59,1385.55,1.99
2025-06-11,paid_social,meta_prospecting,657.63,522.81,0.79
2025-06-11,paid_social,meta_retarget,266.94,1055.64,3.95
2025-06-11,paid_social,tiktok_awareness,331.41,1072.02,3.23
2025-06-12,affiliate,coupon_site,782.41,183.92,0.24
2025-06-12,affiliate,partner_blog,550.44,395.89,0.72
2025-06-12,paid_search,brand_search_q4,669.86,714.16,1.07
2025-06-12,paid_search,generic_shoes,1054.47,463.28,0.44
2025-06-12,paid_search,retargeting_search,828.27,662.81,0.8
2025-06-12,paid_social,meta_prospecting,372.81,1258.18,3.37
2025-06-12,paid_social,meta_retarget,477.88,91.56,0.19
2025-06-12,paid_social,tiktok_awareness,187.02,318.16,1.7
2025-06-13,affiliate,coupon_site,281.13,494.15,1.76
2025-06-13,affiliate,partner_blog,274.52,109.35,0.4
2025-06-13,paid_search,brand_search_q4,247.85,1029.36,4.15
2025-06-13,paid_search,generic_shoes,357.65,295.02,0.82
2025-06-13,paid_search,retargeting_search,272.0,411.06,1.51
2025-06-13,paid_social,meta_prospecting,991.55,158.3,0.16
2025-06-13,paid_social,meta_retarget,816.21,233.14,0.29
2025-06-13,paid_social,tiktok_awareness,184.08,594.01,3.23
2025-06-14,affiliate,coupon_site,647.12,45.82,0.07
2025-06-14,affiliate,partner_blog,69.34,477.24,6.88
2025-06-14,paid_search,brand_search_q4,117.32,627.6,5.35
2025-06-14,paid_search,generic_shoes,113.33,488.23,4.31
2025-06-14,paid_search,retargeting_search,321.07,675.74,2.1
2025-06-14,paid_social,meta_prospecting,66.59,634.51,9.53
2025-06-14,paid_social,meta_retarget,581.68,680.49,1.17
2025-06-14,paid_social,tiktok_awareness,1097.88,227.5,0.21
2025-06-15,affiliate,coupon_site,383.93,411.6,1.07
2025-06-15,affiliate,partner_blog,645.67,614.95,0.95
2025-06-15,paid_search,brand_search_q4,405.04,867.06,2.14
2025-06-15,paid_search,generic_shoes,259.35,364.45,1.41
2025-06-15,paid_search,retargeting_search,1006.52,1540.11,1.53
2025-06-15,paid_social,meta_prospecting,253.97,740.29,2.91
2025-06-15,paid_social,meta_retarget,313.61,761.63,2.43
2025-06-15,paid_social,tiktok_awareness,1029.18,538.6,0.52
2025-06-16,affiliate,coupon_site,395.55,292.55,0.74
2025-06-16,affiliate,partner_blog,269.6,844.44,3.13
2025-06-16,paid_search,brand_search_q4,770.64,967.1,1.25
2025-06-16,paid_search,generic_shoes,198.28,998.06,5.03
2025-06-16,paid_search,retargeting_search,417.63,531.71,1.27
2025-06-16,paid_social,meta_prospecting,531.02,884.01,1.66
2025-06-16,paid_social,meta_retarget,351.83,888.42,2.53
2025-06-16,paid_social,tiktok_awareness,1060.45,1566.6,1.48
2025-06-17,affiliate,coupon_site,90.5,700.7,7.74
2025-06-17,affiliate,partner_blog,865.45,234.27,0.27
2025-06-17,paid_search,brand_search_q4,1005.2,2327.52,2.32
2025-06-17,paid_search,generic_shoes,776.25,1514.13,1.95
2025-06-17,paid_search,retargeting_search,281.47,1690.08,6.0
2025-06-17,paid_social,meta_prospecting,475.37,1355.41,2.85
2025-06-17,paid_social,meta_retarget,285.2,1031.81,3.62
2025-06-17,paid_social,tiktok_awareness,384.82,727.94,1.89
2025-06-18,affiliate,coupon_site,736.51,557.51,0.76
2025-06-18,affiliate,partner_blog,232.35,798.63,3.44
2025-06-18,paid_search,brand_search_q4,395.29,1038.14,2.63
2025-06-18,paid_search,generic_shoes,714.44,369.27,0.52
2025-06-18,paid_search,retargeting_search,181.54,1158.34,6.38
2025-06-18,paid_social,meta_prospecting,710.73,480.64,0.68
2025-06-18,paid_social,meta_retarget,154.39,1267.54,8.21
2025-06-18,paid_social,tiktok_awareness,514.77,1026.0,1.99
2025-06-19,affiliate,coupon_site,1165.13,373.91,0.32
2025-06-19,affiliate,partner_blog,343.1,559.93,1.63
2025-06-19,paid_search,brand_search_q4,892.27,898.25,1.01
2025-06-19,paid_search,generic_shoes,336.77,349.65,1.04
2025-06-19,paid_search,retargeting_search,249.15,303.79,1.22
2025-06-19,paid_social,meta_prospecting,140.91,320.53,2.27
2025-06-19,paid_social,meta_retarget,840.58,567.84,0.68
2025-06-19,paid_social,tiktok_awareness,104.25,366.48,3.52
2025-06-20,affiliate,coupon_site,625.52,678.33,1.08
2025-06-20,affiliate,partner_blog,680.0,1262.18,1.86
2025-06-20,paid_search,brand_search_q4,821.71,916.41,1.12
2025-06-20,paid_search,generic_shoes,781.66,1192.57,1.53
2025-06-20,paid_search,retargeting_search,162.77,998.93,6.14
2025-06-20,paid_social,meta_prospecting,83.19,1668.81,20.06
2025-06-20,paid_social,meta_retarget,540.31,1995.83,3.69
2025-06-20,paid_social,tiktok_awareness,354.62,619.74,1.75
2025-06-21,affiliate,coupon_site,490.56,192.71,0.39
2025-06-21,affiliate,partner_blog,181.42,331.67,1.83
2025-06-21,paid_search,brand_search_q4,701.69,1075.14,1.53
2025-06-21,paid_search,generic_shoes,921.17,870.64,0.95
2025-06-21,paid_search,retargeting_search,992.2,674.2,0.68
2025-06-21,paid_social,meta_prospecting,560.5,194.22,0.35
2025-06-21,paid_social,meta_retarget,220.59,178.33,0.81
2025-06-21,paid_social,tiktok_awareness,978.2,155.04,0.16
2025-06-22,affiliate,coupon_site,741.31,215.45,0.29
2025-06-22,affiliate,partner_blog,375.94,265.15,0.71
2025-06-22,paid_search,brand_search_q4,611.13,69.28,0.11
2025-06-22,paid_search,generic_shoes,597.57,317.12,0.53
2025-06-22,paid_search,retargeting_search,446.68,211.36,0.47
2025-06-22,paid_social,meta_prospecting,1144.57,388.48,0.34
2025-06-22,paid_social,meta_retarget,528.14,520.06,0.98
2025-06-22,paid_social,tiktok_awareness,778.97,692.58,0.89
2025-06-23,affiliate,coupon_site,754.77,0.0,0.0
2025-06-23,affiliate,partner_blog,779.45,638.24,0.82
2025-06-23,paid_search,brand_search_q4,805.5,1117.14,1.39
2025-06-23,paid_search,generic_shoes,1026.88,1116.18,1.09
2025-06-23,paid_search,retargeting_search,300.29,1560.47,5.2
2025-06-23,paid_social,meta_prospecting,696.1,329.52,0.47
2025-06-23,paid_social,meta_retarget,378.88,1144.46,3.02
2025-06-23,paid_social,tiktok_awareness,369.99,744.91,2.01
2025-06-24,affiliate,coupon_site,715.3,200.09,0.28
2025-06-24,affiliate,partner_blog,1106.24,743.79,0.67
2025-06-24,paid_search,brand_search_q4,286.59,481.15,1.68
2025-06-24,paid_search,generic_shoes,1092.29,425.88,0.39
2025-06-24,paid_search,retargeting_search,764.41,1059.39,1.39
2025-06-24,paid_social,meta_prospecting,753.16,806.88,1.07
2025-06-24,paid_social,meta_retarget,624.75,776.89,1.24
2025-06-24,paid_social,tiktok_awareness,590.87,379.03,0.64
2025-06-25,affiliate,coupon_site,601.73,279.01,0.46
2025-06-25,affiliate,partner_blog,87.34,1085.11,12.42
2025-06-25,paid_search,brand_search_q4,167.47,884.37,5.28
2025-06-25,paid_search,generic_shoes,762.06,825.42,1.08
2025-06-25,paid_search,retargeting_search,182.21,392.93,2.16
2025-06-25,paid_social,meta_prospecting,509.49,495.59,0.97
2025-06-25,paid_social,meta_retarget,637.55,753.81,1.18
2025-06-25,paid_social,tiktok_awareness,791.32,870.83,1.1
2025-06-26,affiliate,coupon_site,296.48,484.02,1.63
2025-06-26,affiliate,partner_blog,228.97,1021.35,4.46
2025-06-26,paid_search,brand_search_q4,97.0,1109.57,11.44
2025-06-26,paid_search,generic_shoes,610.58,1250.84,2.05
2025-06-26,paid_search,retargeting_search,594.87,1118.42,1.88
2025-06-26,paid_social,meta_prospecting,769.01,1093.58,1.42
2025-06-26,paid_social,meta_retarget,743.41,916.21,1.23
2025-06-26,paid_social,tiktok_awareness,81.28,1203.85,14.81
2025-06-27,affiliate,coupon_site,1157.19,417.67,0.36
2025-06-27,affiliate,partner_blog,270.83,497.31,1.84
2025-06-27,paid_search,brand_search_q4,316.73,529.0,1.67
2025-06-27,paid_search,generic_shoes,290.32,1093.12,3.77
2025-06-27,paid_search,retargeting_search,525.99,817.22,1.55
2025-06-27,paid_social,meta_prospecting,1066.4,1007.21,0.94
2025-06-27,paid_social,meta_retarget,937.97,335.65,0.36
2025-06-27,paid_social,tiktok_awareness,356.67,1266.06,3.55
2025-06-28,affiliate,coupon_site,1078.8,0.0,0.0
2025-06-28,affiliate,partner_blog,61.87,29.45,0.48
2025-06-28,paid_search,brand_search_q4,329.76,697.91,2.12
2025-06-28,paid_search,generic_shoes,269.82,766.63,2.84
2025-06-28,paid_search,retargeting_search,308.19,809.21,2.63
2025-06-28,paid_social,meta_prospecting,552.7,1240.72,2.24
2025-06-28,paid_social,meta_retarget,1026.59,1278.09,1.24
2025-06-28,paid_social,tiktok_awareness,731.19,875.94,1.2
2025-06-29,affiliate,coupon_site,798.57,747.51,0.94
2025-06-29,affiliate,partner_blog,125.07,1201.62,9.61
2025-06-29,paid_search,brand_search_q4,534.68,373.09,0.7
2025-06-29,paid_search,generic_shoes,187.01,1679.09,8.98
2025-06-29,paid_search,retargeting_search,1022.65,1518.86,1.49
2025-06-29,paid_social,meta_prospecting,733.77,945.85,1.29
2025-06-29,paid_social,meta_retarget,865.42,1841.67,2.13
2025-06-29,paid_social,tiktok_awareness,576.48,1063.96,1.85
2025-06-30,affiliate,coupon_site,556.38,608.63,1.09
2025-06-30,affiliate,partner_blog,227.89,108.8,0.48
2025-06-30,paid_search,brand_search_q4,736.96,847.83,1.15
2025-06-30,paid_search,generic_shoes,308.43,429.48,1.39
2025-06-30,paid_search,retargeting_search,371.59,2024.76,5.45
2025-06-30,paid_social,meta_prospecting,1014.93,263.75,0.26
2025-06-30,paid_social,meta_retarget,876.89,758.42,0.86
2025-06-30,paid_social,tiktok_awareness,612.78,990.45,1.62
2025-07-01,affiliate,coupon_site,340.81,543.92,1.6
2025-07-01,affiliate,partner_blog,707.63,579.59,0.82
2025-07-01,paid_search,brand_search_q4,81.95,921.14,11.24
2025-07-01,paid_search,generic_shoes,1087.68,763.64,0.7
2025-07-01,paid_search,retargeting_search,356.02,436.03,1.22
2025-07-01,paid_social,meta_prospecting,500.49,1063.93,2.13
2025-07-01,paid_social,meta_retarget,1145.57,1136.06,0.99
2025-07-01,paid_social,tiktok_awareness,102.65,476.38,4.64
2025-07-02,affiliate,coupon_site,208.74,132.89,0.64
2025-07-02,affiliate,partner_blog,735.56,44.26,0.06
2025-07-02,paid_search,brand_search_q4,296.92,275.19,0.93
2025-07-02,paid_search,generic_shoes,139.08,612.59,4.4
2025-07-02,paid_search,retargeting_search,1035.86,687.18,0.66
2025-07-02,paid_social,meta_prospecting,872.13,465.3,0.53
2025-07-02,paid_social,meta_retarget,686.63,377.91,0.55
2025-07-02,paid_social,tiktok_awareness,1065.0,351.87,0.33
2025-07-03,affiliate,coupon_site,78.05,425.59,5.45
2025-07-03,affiliate,partner_blog,342.22,242.14,0.71
2025-07-03,paid_search,brand_search_q4,674.52,779.2,1.16
2025-07-03,paid_search,generic_shoes,41.95,31.89,0.76
2025-07-03,paid_search,retargeting_search,645.05,563.83,0.87
2025-07-03,paid_social,meta_prospecting,462.09,486.37,1.05
2025-07-03,paid_social,meta_retarget,1196.6,315.41,0.26
2025-07-03,paid_social,tiktok_awareness,725.89,843.23,1.16
2025-07-04,affiliate,coupon_site,1133.92,354.27,0.31
2025-07-04,affiliate,partner_blog,449.69,727.18,1.62
2025-07-04,paid_search,brand_search_q4,334.33,270.58,0.81
2025-07-04,paid_search,generic_shoes,963.24,609.74,0.63
2025-07-04,paid_search,retargeting_search,643.97,1105.02,1.72
2025-07-04,paid_social,meta_prospecting,1163.53,1369.73,1.18
2025-07-04,paid_social,meta_retarget,806.53,648.8,0.8
2025-07-04,paid_social,tiktok_awareness,277.45,1267.56,4.57
2025-07-05,affiliate,coupon_site,619.44,787.63,1.27
2025-07-05,affiliate,partner_blog,1026.58,452.92,0.44
2025-07-05,paid_search,brand_search_q4,817.04,919.41,1.13
2025-07-05,paid_search,generic_shoes,997.93,324.8,0.33
2025-07-05,paid_search,retargeting_search,170.9,796.6,4.66
2025-07-05,paid_social,meta_prospecting,721.32,1294.05,1.79
2025-07-05,paid_social,meta_retarget,347.54,395.03,1.14
2025-07-05,paid_social,tiktok_awareness,48.72,449.53,9.23
2025-07-06,affiliate,coupon_site,1115.05,0.0,0.0
2025-07-06,affiliate,partner_blog,111.23,370.42,3.33
2025-07-06,paid_search,brand_search_q4,445.9,421.72,0.95
2025-07-06,paid_search,generic_shoes,1177.72,553.11,0.47
2025-07-06,paid_search,retargeting_search,729.57,838.59,1.15
2025-07-06,paid_social,meta_prospecting,697.08,720.94,1.03
2025-07-06,paid_social,meta_retarget,431.06,265.21,0.62
2025-07-06,paid_social,tiktok_awareness,203.55,918.98,4.51
2025-07-07,affiliate,coupon_site,902.02,1016.67,1.13
2025-07-07,affiliate,partner_blog,351.03,718.92,2.05
2025-07-07,paid_search,brand_search_q4,782.44,962.1,1.23
2025-07-07,paid_search,generic_shoes,1133.61,536.23,0.47
2025-07-07,paid_search,retargeting_search,389.16,2067.49,5.31
2025-07-07,paid_social,meta_prospecting,794.18,632.49,0.8
2025-07-07,paid_social,meta_retarget,579.27,1083.34,1.87
2025-07-07,paid_social,tiktok_awareness,107.87,1103.2,10.23
2025-07-08,affiliate,coupon_site,287.03,338.79,1.18
2025-07-08,affiliate,partner_blog,1166.74,303.03,0.26
2025-07-08,paid_search,brand_search_q4,52.01,822.96,15.82
2025-07-08,paid_search,generic_shoes,200.94,569.03,2.83
2025-07-08,paid_search,retargeting_search,740.07,1143.34,1.54
2025-07-08,paid_social,meta_prospecting,610.86,419.76,0.69
2025-07-08,paid_social,meta_retarget,986.4,375.28,0.38
2025-07-08,paid_social,tiktok_awareness,363.08,704.19,1.94
2025-07-09,affiliate,coupon_site,132.15,850.66,6.44
2025-07-09,affiliate,partner_blog,126.45,863.18,6.83
2025-07-09,paid_search,brand_search_q4,588.81,419.42,0.71
2025-07-09,paid_search,generic_shoes,622.07,792.05,1.27
2025-07-09,paid_search,retargeting_search,732.63,541.46,0.74
2025-07-09,paid_social,meta_prospecting,143.85,100.95,0.7
2025-07-09,paid_social,meta_retarget,179.66,448.84,2.5
2025-07-09,paid_social,tiktok_awareness,759.66,692.74,0.91
2025-07-10,affiliate,coupon_site,991.59,167.79,0.17
2025-07-10,affiliate,partner_blog,508.7,128.72,0.25
2025-07-10,paid_search,brand_search_q4,138.65,502.72,3.63
2025-07-10,paid_search,generic_shoes,462.33,374.68,0.81
2025-07-10,paid_search,retargeting_search,116.75,579.01,4.96
2025-07-10,paid_social,meta_prospecting,121.98,672.29,5.51
2025-07-10,paid_social,meta_retarget,131.07,581.8,4.44
2025-07-10,paid_social,tiktok_awareness,1172.52,237.36,0.2
2025-07-11,affiliate,coupon_site,613.64,1060.29,1.73
2025-07-11,affiliate,partner_blog,1140.03,369.2,0.32
2025-07-11,paid_search,brand_search_q4,180.63,596.67,3.3
2025-07-11,paid_search,generic_shoes,1190.63,1874.65,1.57
2025-07-11,paid_search,retargeting_search,970.21,896.31,0.92
2025-07-11,paid_social,meta_prospecting,642.78,1993.07,3.1
2025-07-11,paid_social,meta_retarget,974.81,1380.51,1.42
2025-07-11,paid_social,tiktok_awareness,527.1,1922.19,3.65
2025-07-12,affiliate,coupon_site,928.29,806.48,0.87
2025-07-12,affiliate,partner_blog,753.79,0.0,0.0
2025-07-12,paid_search,brand_search_q4,1051.96,1438.53,1.37
2025-07-12,paid_search,generic_shoes,1002.77,829.33,0.83
2025-07-12,paid_search,retargeting_search,399.08,1672.93,4.19
2025-07-12,paid_social,meta_prospecting,1075.78,320.89,0.3
2025-07-12,paid_social,meta_retarget,285.38,1389.06,4.87
2025-07-12,paid_social,tiktok_awareness,541.47,769.11,1.42
2025-07-13,affiliate,coupon_site,1064.89,357.36,0.34
2025-07-13,affiliate,partner_blog,192.29,1050.95,5.47
2025-07-13,paid_search,brand_search_q4,1050.37,906.98,0.86
2025-07-13,paid_search,generic_shoes,508.97,452.31,0.89
2025-07-13,paid_search,retargeting_search,785.44,602.75,0.77
2025-07-13,paid_social,meta_prospecting,464.36,823.98,1.77
2025-07-13,paid_social,meta_retarget,511.61,708.47,1.38
2025-07-13,paid_social,tiktok_awareness,729.22,575.21,0.79
2025-07-14,affiliate,coupon_site,633.49,684.19,1.08
2025-07-14,affiliate,partner_blog,1048.53,759.57,0.72
2025-07-14,paid_search,brand_search_q4,609.78,784.81,1.29
2025-07-14,paid_search,generic_shoes,793.01,711.01,0.9
2025-07-14,paid_search,retargeting_search,1149.4,1435.57,1.25
2025-07-14,paid_social,meta_prospecting,955.52,759.48,0.79
2025-07-14,paid_social,meta_retarget,517.73,1374.98,2.66
2025-07-14,paid_social,tiktok_awareness,925.18,1084.4,1.17
2025-07-15,affiliate,coupon_site,1054.63,592.9,0.56
2025-07-15,affiliate,partner_blog,267.99,702.84,2.62
2025-07-15,paid_search,brand_search_q4,1160.6,1302.27,1.12
2025-07-15,paid_search,generic_shoes,614.7,1085.36,1.77
2025-07-15,paid_search,retargeting_search,715.37,273.28,0.38
2025-07-15,paid_social,meta_prospecting,237.68,1032.84,4.35
2025-07-15,paid_social,meta_retarget,622.28,1050.13,1.69
2025-07-15,paid_social,tiktok_awareness,376.1,719.37,1.91
2025-07-16,affiliate,coupon_site,487.96,1021.24,2.09
2025-07-16,affiliate,partner_blog,250.85,670.48,2.67
2025-07-16,paid_search,brand_search_q4,783.49,2033.88,2.6
2025-07-16,paid_search,generic_shoes,294.28,1201.65,4.08
2025-07-16,paid_search,retargeting_search,556.01,2221.9,4.0
2025-07-16,paid_social,meta_prospecting,242.85,1784.26,7.35
2025-07-16,paid_social,meta_retarget,745.73,773.61,1.04
2025-07-16,paid_social,tiktok_awareness,551.92,2119.99,3.84
2025-07-17,affiliate,coupon_site,608.42,784.81,1.29
2025-07-17,affiliate,partner_blog,1033.83,210.23,0.2
2025-07-17,paid_search,brand_search_q4,907.31,1014.24,1.12
2025-07-17,paid_search,generic_shoes,669.17,1200.76,1.79
2025-07-17,paid_search,retargeting_search,122.96,1559.86,12.69
2025-07-17,paid_social,meta_prospecting,602.31,1120.63,1.86
2025-07-17,paid_social,meta_retarget,254.37,744.64,2.93
2025-07-17,paid_social,tiktok_awareness,741.71,414.34,0.56
2025-07-18,affiliate,coupon_site,617.94,715.27,1.16
2025-07-18,affiliate,partner_blog,915.84,952.79,1.04
2025-07-18,paid_search,brand_search_q4,866.3,885.81,1.02
2025-07-18,paid_search,generic_shoes,929.23,1136.68,1.22
2025-07-18,paid_search,retargeting_search,93.03,749.69,8.06
2025-07-18,paid_social,meta_prospecting,1055.26,445.99,0.42
2025-07-18,paid_social,meta_retarget,961.44,455.3,0.47
2025-07-18,paid_social,tiktok_awareness,1099.81,600.91,0.55
2025-07-19,affiliate,coupon_site,676.76,320.98,0.47
2025-07-19,affiliate,partner_blog,1071.71,434.21,0.41
2025-07-19,paid_search,brand_search_q4,324.85,704.98,2.17
2025-07-19,paid_search,generic_shoes,566.91,434.83,0.77
2025-07-19,paid_search,retargeting_search,825.65,1202.74,1.46
2025-07-19,paid_social,meta_prospecting,859.87,938.04,1.09
2025-07-19,paid_social,meta_retarget,127.74,688.78,5.39
2025-07-19,paid_social,tiktok_awareness,804.48,756.04,0.94
2025-07-20,affiliate,coupon_site,821.18,98.4,0.12
2025-07-20,affiliate,partner_blog,401.83,207.92,0.52
2025-07-20,paid_search,brand_search_q4,795.3,747.04,0.94
2025-07-20,paid_search,generic_shoes,843.1,961.85,1.14
2025-07-20,paid_search,retargeting_search,817.68,355.74,0.44
2025-07-20,paid_social,meta_prospecting,464.86,694.98,1.5
2025-07-20,paid_social,meta_retarget,672.36,286.3,0.43
2025-07-20,paid_social,tiktok_awareness,1001.98,778.63,0.78
2025-07-21,affiliate,coupon_site,725.68,390.51,0.54
2025-07-21,affiliate,partner_blog,522.78,782.29,1.5
2025-07-21,paid_search,brand_search_q4,1169.24,676.11,0.58
2025-07-21,paid_search,generic_shoes,1068.47,676.58,0.63
2025-07-21,paid_search,retargeting_search,531.51,1043.91,1.96
2025-07-21,paid_social,meta_prospecting,596.13,886.83,1.49
2025-07-21,paid_social,meta_retarget,753.85,164.29,0.22
2025-07-21,paid_social,tiktok_awareness,443.21,623.31,1.41
2025-07-22,affiliate,coupon_site,607.22,0.0,0.0
2025-07-22,affiliate,partner_blog,171.82,146.68,0.85
2025-07-22,paid_search,brand_search_q4,844.82,1248.97,1.48
2025-07-22,paid_search,generic_shoes,1177.76,836.86,0.71
2025-07-22,paid_search,retargeting_search,704.75,495.97,0.7
2025-07-22,paid_social,meta_prospecting,683.84,1929.83,2.82
2025-07-22,paid_social,meta_retarget,350.53,508.29,1.45
2025-07-22,paid_social,tiktok_awareness,585.64,1032.01,1.76
2025-07-23,affiliate,coupon_site,832.12,568.57,0.68
2025-07-23,affiliate,partner_blog,321.57,573.06,1.78
2025-07-23,paid_search,brand_search_q4,810.16,662.48,0.82
2025-07-23,paid_search,generic_shoes,302.7,309.83,1.02
2025-07-23,paid_search,retargeting_search,831.05,943.39,1.14
2025-07-23,paid_social,meta_prospecting,172.57,335.87,1.95
2025-07-23,paid_social,meta_retarget,1079.35,119.26,0.11
2025-07-23,paid_social,tiktok_awareness,444.86,322.43,0.72
2025-07-24,affiliate,coupon_site,82.2,556.84,6.77
2025-07-24,affiliate,partner_blog,120.29,384.21,3.19
2025-07-24,paid_search,brand_search_q4,816.97,1224.31,1.5
2025-07-24,paid_search,generic_shoes,927.43,546.86,0.59
2025-07-24,paid_search,retargeting_search,74.09,1273.14,17.18
2025-07-24,paid_social,meta_prospecting,165.2,1472.01,8.91
2025-07-24,paid_social,meta_retarget,446.51,164.75,0.37
2025-07-24,paid_social,tiktok_awareness,954.6,1339.53,1.4
2025-07-25,affiliate,coupon_site,1052.86,1011.45,0.96
2025-07-25,affiliate,partner_blog,980.01,675.58,0.69
2025-07-25,paid_search,brand_search_q4,1106.96,1641.43,1.48
2025-07-25,paid_search,generic_shoes,1105.94,1129.93,1.02
2025-07-25,paid_search,retargeting_search,309.29,1128.18,3.65
2025-07-25,paid_social,meta_prospecting,551.28,393.43,0.71
2025-07-25,paid_social,meta_retarget,813.83,662.61,0.81
2025-07-25,paid_social,tiktok_awareness,534.51,907.04,1.7
2025-07-26,affiliate,coupon_site,462.63,248.19,0.54
2025-07-26,affiliate,partner_blog,1099.76,162.0,0.15
2025-07-26,paid_search,brand_search_q4,553.7,1427.62,2.58
2025-07-26,paid_search,generic_shoes,94.32,596.75,6.33
2025-07-26,paid_search,retargeting_search,316.83,2038.08,6.43
2025-07-26,paid_social,meta_prospecting,923.06,1215.55,1.32
2025-07-26,paid_social,meta_retarget,513.18,570.51,1.11
2025-07-26,paid_social,tiktok_awareness,305.64,1330.93,4.35
2025-07-27,affiliate,coupon_site,519.19,696.65,1.34
2025-07-27,affiliate,partner_blog,301.26,1015.8,3.37
2025-07-27,paid_search,brand_search_q4,1045.04,1172.45,1.12
2025-07-27,paid_search,generic_shoes,886.54,992.26,1.12
2025-07-27,paid_search,retargeting_search,91.61,814.21,8.89
2025-07-27,paid_social,meta_prospecting,347.27,982.67,2.83
2025-07-27,paid_social,meta_retarget,1068.21,879.1,0.82
2025-07-27,paid_social,tiktok_awareness,610.27,1481.05,2.43
2025-07-28,affiliate,coupon_site,445.52,653.3,1.47
2025-07-28,affiliate,partner_blog,49.44,490.75,9.93
2025-07-28,paid_search,brand_search_q4,514.23,371.72,0.72
2025-07-28,paid_search,generic_shoes,499.16,942.25,1.89
2025-07-28,paid_search,retargeting_search,978.49,1329.24,1.36
2025-07-28,paid_social,meta_prospecting,586.9,855.7,1.46
2025-07-28,paid_social,meta_retarget,555.79,447.78,0.81
2025-07-28,paid_social,tiktok_awareness,83.32,643.91,7.73
2025-07-29,affiliate,coupon_site,786.2,264.62,0.34
2025-07-29,affiliate,partner_blog,570.49,104.8,0.18
2025-07-29,paid_search,brand_search_q4,916.45,486.23,0.53
2025-07-29,paid_search,generic_shoes,801.36,126.31,0.16
2025-07-29,paid_search,retargeting_search,428.92,227.14,0.53
2025-07-29,paid_social,meta_prospecting,972.71,159.77,0.16
2025-07-29,paid_social,meta_retarget,395.53,543.61,1.37
2025-07-29,paid_social,tiktok_awareness,1187.71,484.74,0.41
2025-07-30,affiliate,coupon_site,253.41,0.0,0.0
2025-07-30,affiliate,partner_blog,1113.63,42.98,0.04
2025-07-30,paid_search,brand_search_q4,692.83,249.09,0.36
2025-07-30,paid_search,generic_shoes,570.04,625.71,1.1
2025-07-30,paid_search,retargeting_search,1072.18,478.51,0.45
2025-07-30,paid_social,meta_prospecting,1152.5,284.76,0.25
2025-07-30,paid_social,meta_retarget,889.21,919.71,1.03
2025-07-30,paid_social,tiktok_awareness,1040.78,254.92,0.24
2025-07-31,affiliate,coupon_site,638.24,478.29,0.75
2025-07-31,affiliate,partner_blog,647.07,70.94,0.11
2025-07-31,paid_search,brand_search_q4,820.05,337.0,0.41
2025-07-31,paid_search,generic_shoes,627.5,480.52,0.77
2025-07-31,paid_search,retargeting_search,308.02,649.9,2.11
2025-07-31,paid_social,meta_prospecting,45.4,243.84,5.37
2025-07-31,paid_social,meta_retarget,582.82,480.58,0.82
2025-07-31,paid_social,tiktok_awareness,364.06,392.39,1.08
2025-08-01,affiliate,coupon_site,1185.56,504.46,0.43
2025-08-01,affiliate,partner_blog,703.8,616.89,0.88
2025-08-01,paid_search,brand_search_q4,513.34,1299.15,2.53
2025-08-01,paid_search,generic_shoes,943.24,550.79,0.58
2025-08-01,paid_search,retargeting_search,93.3,814.52,8.73
2025-08-01,paid_social,meta_prospecting,304.57,1080.85,3.55
2025-08-01,paid_social,meta_retarget,514.76,1546.9,3.01
2025-08-01,paid_social,tiktok_awareness,593.54,689.34,1.16
2025-08-02,affiliate,coupon_site,541.27,833.63,1.54
2025-08-02,affiliate,partner_blog,659.74,862.1,1.31
2025-08-02,paid_search,brand_search_q4,674.94,873.65,1.29
2025-08-02,paid_search,generic_shoes,994.43,653.18,0.66
2025-08-02,paid_search,retargeting_search,907.28,642.1,0.71
2025-08-02,paid_social,meta_prospecting,759.35,1099.48,1.45
2025-08-02,paid_social,meta_retarget,796.63,1192.3,1.5
2025-08-02,paid_social,tiktok_awareness,718.47,665.82,0.93
2025-08-03,affiliate,coupon_site,535.1,169.8,0.32
2025-08-03,affiliate,partner_blog,549.06,418.11,0.76
2025-08-03,paid_search,brand_search_q4,215.68,803.56,3.73
2025-08-03,paid_search,generic_shoes,654.52,1239.71,1.89
2025-08-03,paid_search,retargeting_search,111.33,484.25,4.35
2025-08-03,paid_social,meta_prospecting,1136.11,936.59,0.82
2025-08-03,paid_social,meta_retarget,1082.51,314.52,0.29
2025-08-03,paid_social,tiktok_awareness,126.82,737.45,5.81
2025-08-04,affiliate,coupon_site,476.13,34.22,0.07
2025-08-04,affiliate,partner_blog,347.05,238.87,0.69
2025-08-04,paid_search,brand_search_q4,551.8,571.75,1.04
2025-08-04,paid_search,generic_shoes,598.14,438.04,0.73
2025-08-04,paid_search,retargeting_search,1110.42,1098.17,0.99
2025-08-04,paid_social,meta_prospecting,525.41,434.3,0.83
2025-08-04,paid_social,meta_retarget,1118.91,20.85,0.02
2025-08-04,paid_social,tiktok_awareness,206.45,568.67,2.75
2025-08-05,affiliate,coupon_site,449.83,732.67,1.63
2025-08-05,affiliate,partner_blog,569.0,412.87,0.73
2025-08-05,paid_search,brand_search_q4,464.22,1230.8,2.65
2025-08-05,paid_search,generic_shoes,1116.17,104.3,0.09
2025-08-05,paid_search,retargeting_search,570.72,740.95,1.3
2025-08-05,paid_social,meta_prospecting,1187.1,560.13,0.47
2025-08-05,paid_social,meta_retarget,335.69,1480.47,4.41
2025-08-05,paid_social,tiktok_awareness,85.74,1121.45,13.08
2025-08-06,affiliate,coupon_site,319.57,526.95,1.65
2025-08-06,affiliate,partner_blog,727.79,307.16,0.42
2025-08-06,paid_search,brand_search_q4,1050.98,1338.82,1.27
2025-08-06,paid_search,generic_shoes,90.81,760.05,8.37
2025-08-06,paid_search,retargeting_search,177.66,1484.88,8.36
2025-08-06,paid_social,meta_prospecting,171.69,1202.57,7.0
2025-08-06,paid_social,meta_retarget,600.33,147.23,0.25
2025-08-06,paid_social,tiktok_awareness,792.24,1474.55,1.86
2025-08-07,affiliate,coupon_site,168.82,815.86,4.83
2025-08-07,affiliate,partner_blog,1109.15,495.25,0.45
2025-08-07,paid_search,brand_search_q4,959.21,587.35,0.61
2025-08-07,paid_search,generic_shoes,1188.51,1115.79,0.94
2025-08-07,paid_search,retargeting_search,477.77,2286.59,4.79
2025-08-07,paid_social,meta_prospecting,948.37,954.22,1.01
2025-08-07,paid_social,meta_retarget,320.97,1747.48,5.44
2025-08-07,paid_social,tiktok_awareness,472.46,954.63,2.02
2025-08-08,affiliate,coupon_site,949.78,443.65,0.47
2025-08-08,affiliate,partner_blog,622.59,391.63,0.63
2025-08-08,paid_search,brand_search_q4,341.11,468.59,1.37
2025-08-08,paid_search,generic_shoes,1065.93,317.61,0.3
2025-08-08,paid_search,retargeting_search,641.53,1309.54,2.04
2025-08-08,paid_social,meta_prospecting,547.42,942.34,1.72
2025-08-08,paid_social,meta_retarget,282.74,1087.3,3.85
2025-08-08,paid_social,tiktok_awareness,1185.22,417.0,0.35
2025-08-09,affiliate,coupon_site,645.03,431.61,0.67
2025-08-09,affiliate,partner_blog,532.41,1370.6,2.57
2025-08-09,paid_search,brand_search_q4,519.03,1452.52,2.8
2025-08-09,paid_search,generic_shoes,1027.47,1572.86,1.53
2025-08-09,paid_search,retargeting_search,636.92,2046.77,3.21
2025-08-09,paid_social,meta_prospecting,588.48,167.6,0.28
2025-08-09,paid_social,meta_retarget,215.11,317.26,1.47
2025-08-09,paid_social,tiktok_awareness,821.99,427.47,0.52
2025-08-10,affiliate,coupon_site,114.98,1008.92,8.77
2025-08-10,affiliate,partner_blog,467.71,370.65,0.79
2025-08-10,paid_search,brand_search_q4,200.86,1578.41,7.86
2025-08-10,paid_search,generic_shoes,564.42,837.62,1.48
2025-08-10,paid_search,retargeting_search,435.11,693.56,1.59
2025-08-10,paid_social,meta_prospecting,394.86,1313.99,3.33
2025-08-10,paid_social,meta_retarget,840.07,667.51,0.79
2025-08-10,paid_social,tiktok_awareness,90.93,1226.45,13.49
2025-08-11,affiliate,coupon_site,926.98,487.27,0.53
2025-08-11,affiliate,partner_blog,701.61,0.0,0.0
2025-08-11,paid_search,brand_search_q4,768.99,434.1,0.56
2025-08-11,paid_search,generic_shoes,801.41,753.33,0.94
2025-08-11,paid_search,retargeting_search,777.15,412.27,0.53
2025-08-11,paid_social,meta_prospecting,453.81,594.36,1.31
2025-08-11,paid_social,meta_retarget,309.67,39.56,0.13
2025-08-11,paid_social,tiktok_awareness,614.18,279.98,0.46
2025-08-12,affiliate,coupon_site,128.85,227.94,1.77
2025-08-12,affiliate,partner_blog,587.26,0.0,0.0
2025-08-12,paid_search,brand_search_q4,94.83,1017.06,10.73
2025-08-12,paid_search,generic_shoes,1134.15,268.89,0.24
2025-08-12,paid_search,retargeting_search,838.32,246.37,0.29
2025-08-12,paid_social,meta_prospecting,1170.04,426.17,0.36
2025-08-12,paid_social,meta_retarget,966.4,18.84,0.02
2025-08-12,paid_social,tiktok_awareness,554.02,516.04,0.93
2025-08-13,affiliate,coupon_site,631.13,542.87,0.86
2025-08-13,affiliate,partner_blog,943.59,0.0,0.0
2025-08-13,paid_search,brand_search_q4,416.21,1029.79,2.47
2025-08-13,paid_search,generic_shoes,476.91,847.77,1.78
2025-08-13,paid_search,retargeting_search,666.63,1310.96,1.97
2025-08-13,paid_social,meta_prospecting,199.84,1066.71,5.34
2025-08-13,paid_social,meta_retarget,1023.34,304.63,0.3
2025-08-13,paid_social,tiktok_awareness,271.3,457.81,1.69
2025-08-14,affiliate,coupon_site,820.28,887.47,1.08
2025-08-14,affiliate,partner_blog,520.81,356.87,0.69
2025-08-14,paid_search,brand_search_q4,722.6,500.53,0.69
2025-08-14,paid_search,generic_shoes,682.14,1439.45,2.11
2025-08-14,paid_search,retargeting_search,316.11,1373.94,4.35
2025-08-14,paid_social,meta_prospecting,979.3,905.6,0.92
2025-08-14,paid_social,meta_retarget,680.95,894.17,1.31
2025-08-14,paid_social,tiktok_awareness,836.21,472.22,0.56
2025-08-15,affiliate,coupon_site,345.55,0.0,0.0
2025-08-15,affiliate,partner_blog,1054.93,423.94,0.4
2025-08-15,paid_search,brand_search_q4,131.79,685.7,5.2
2025-08-15,paid_search,generic_shoes,448.56,177.76,0.4
2025-08-15,paid_search,retargeting_search,919.93,595.28,0.65
2025-08-15,paid_social,meta_prospecting,906.88,312.33,0.34
2025-08-15,paid_social,meta_retarget,1182.21,677.6,0.57
2025-08-15,paid_social,tiktok_awareness,170.2,244.09,1.43
2025-08-16,affiliate,coupon_site,1172.37,922.4,0.79
2025-08-16,affiliate,partner_blog,538.5,307.08,0.57
2025-08-16,paid_search,brand_search_q4,92.89,1204.16,12.96
2025-08-16,paid_search,generic_shoes,1123.33,814.77,0.73
2025-08-16,paid_search,retargeting_search,217.25,1562.45,7.19
2025-08-16,paid_social,meta_prospecting,482.99,981.21,2.03
2025-08-16,paid_social,meta_retarget,191.57,2182.57,11.39
2025-08-16,paid_social,tiktok_awareness,497.56,1591.56,3.2
2025-08-17,affiliate,coupon_site,314.32,617.01,1.96
2025-08-17,affiliate,partner_blog,356.01,834.75,2.34
2025-08-17,paid_search,brand_search_q4,50.11,1090.56,21.76
2025-08-17,paid_search,generic_shoes,866.66,691.93,0.8
2025-08-17,paid_search,retargeting_search,991.91,676.03,0.68
2025-08-17,paid_social,meta_prospecting,517.58,819.24,1.58
2025-08-17,paid_social,meta_retarget,874.06,341.77,0.39
2025-08-17,paid_social,tiktok_awareness,816.09,1207.34,1.48
2025-08-18,affiliate,coupon_site,1014.03,610.05,0.6
2025-08-18,affiliate,partner_blog,198.46,620.8,3.13
2025-08-18,paid_search,brand_search_q4,205.32,721.85,3.52
2025-08-18,paid_search,generic_shoes,994.33,608.9,0.61
2025-08-18,paid_search,retargeting_search,182.83,828.47,4.53
2025-08-18,paid_social,meta_prospecting,230.19,2098.17,9.11
2025-08-18,paid_social,meta_retarget,69.6,323.41,4.65
2025-08-18,paid_social,tiktok_awareness,997.81,828.55,0.83
2025-08-19,affiliate,coupon_site,321.21,185.87,0.58
2025-08-19,affiliate,partner_blog,112.08,0.0,0.0
2025-08-19,paid_search,brand_search_q4,647.26,291.62,0.45
2025-08-19,paid_search,generic_shoes,847.23,785.17,0.93
2025-08-19,paid_search,retargeting_search,819.7,714.39,0.87
2025-08-19,paid_social,meta_prospecting,529.71,364.15,0.69
2025-08-19,paid_social,meta_retarget,123.13,591.38,4.8
2025-08-19,paid_social,tiktok_awareness,413.2,97.77,0.24
2025-08-20,affiliate,coupon_site,854.29,254.65,0.3
2025-08-20,affiliate,partner_blog,837.35,713.97,0.85
2025-08-20,paid_search,brand_search_q4,620.37,451.18,0.73
2025-08-20,paid_search,generic_shoes,397.58,374.72,0.94
2025-08-20,paid_search,retargeting_search,477.78,475.14,0.99
2025-08-20,paid_social,meta_prospecting,639.53,946.99,1.48
2025-08-20,paid_social,meta_retarget,601.24,257.52,0.43
2025-08-20,paid_social,tiktok_awareness,792.15,212.81,0.27
2025-08-21,affiliate,coupon_site,1111.27,301.34,0.27
2025-08-21,affiliate,partner_blog,237.13,816.6,3.44
2025-08-21,paid_search,brand_search_q4,1132.7,1860.0,1.64
2025-08-21,paid_search,generic_shoes,122.03,160.62,1.32
2025-08-21,paid_search,retargeting_search,152.43,1370.98,8.99
2025-08-21,paid_social,meta_prospecting,579.19,1492.8,2.58
2025-08-21,paid_social,meta_retarget,210.25,898.68,4.27
2025-08-21,paid_social,tiktok_awareness,814.41,552.65,0.68
2025-08-22,affiliate,coupon_site,740.87,429.84,0.58
2025-08-22,affiliate,partner_blog,1023.87,293.6,0.29
2025-08-22,paid_search,brand_search_q4,226.48,1346.33,5.94
2025-08-22,paid_search,generic_shoes,477.73,1326.52,2.78
2025-08-22,paid_search,retargeting_search,736.12,787.65,1.07
2025-08-22,paid_social,meta_prospecting,293.29,755.48,2.58
2025-08-22,paid_social,meta_retarget,1024.47,592.5,0.58
2025-08-22,paid_social,tiktok_awareness,1114.05,42.83,0.04
2025-08-23,affiliate,coupon_site,935.89,141.37,0.15
2025-08-23,affiliate,partner_blog,837.13,498.7,0.6
2025-08-23,paid_search,brand_search_q4,340.06,511.11,1.5
2025-08-23,paid_search,generic_shoes,1167.36,1341.64,1.15
2025-08-23,paid_search,retargeting_search,482.52,476.55,0.99
2025-08-23,paid_social,meta_prospecting,283.87,295.63,1.04
2025-08-23,paid_social,meta_retarget,692.07,336.54,0.49
2025-08-23,paid_social,tiktok_awareness,237.41,1227.29,5.17
2025-08-24,affiliate,coupon_site,1077.78,577.53,0.54
2025-08-24,affiliate,partner_blog,595.53,446.09,0.75
2025-08-24,paid_search,brand_search_q4,183.37,550.75,3.0
2025-08-24,paid_search,generic_shoes,345.0,321.05,0.93
2025-08-24,paid_search,retargeting_search,234.52,1428.84,6.09
2025-08-24,paid_social,meta_prospecting,1164.04,557.95,0.48
2025-08-24,paid_social,meta_retarget,103.07,920.48,8.93
2025-08-24,paid_social,tiktok_awareness,209.3,767.78,3.67
2025-08-25,affiliate,coupon_site,947.65,467.59,0.49
2025-08-25,affiliate,partner_blog,979.52,947.52,0.97
2025-08-25,paid_search,brand_search_q4,567.72,839.27,1.48
2025-08-25,paid_search,generic_shoes,308.27,376.48,1.22
2025-08-25,paid_search,retargeting_search,669.74,1217.16,1.82
2025-08-25,paid_social,meta_prospecting,391.65,594.49,1.52
2025-08-25,paid_social,meta_retarget,308.04,589.84,1.91
2025-08-25,paid_social,tiktok_awareness,1059.4,1152.1,1.09
2025-08-26,affiliate,coupon_site,53.45,253.78,4.75
2025-08-26,affiliate,partner_blog,556.49,562.2,1.01
2025-08-26,paid_search,brand_search_q4,521.42,500.43,0.96
2025-08-26,paid_search,generic_shoes,408.09,1756.89,4.31
2025-08-26,paid_search,retargeting_search,709.93,534.4,0.75
2025-08-26,paid_social,meta_prospecting,495.83,1261.88,2.54
2025-08-26,paid_social,meta_retarget,888.36,582.62,0.66
2025-08-26,paid_social,tiktok_awareness,924.55,893.9,0.97
2025-08-27,affiliate,coupon_site,637.24,626.93,0.98
2025-08-27,affiliate,partner_blog,123.68,86.95,0.7
2025-08-27,paid_search,brand_search_q4,133.49,964.85,7.23
2025-08-27,paid_search,generic_shoes,837.81,1192.92,1.42
2025-08-27,paid_search,retargeting_search,413.41,742.55,1.8
2025-08-27,paid_social,meta_prospecting,465.03,680.87,1.46
2025-08-27,paid_social,meta_retarget,1026.4,896.96,0.87
2025-08-27,paid_social,tiktok_awareness,383.63,780.64,2.03
2025-08-28,affiliate,coupon_site,327.58,318.88,0.97
2025-08-28,affiliate,partner_blog,147.11,137.6,0.94
2025-08-28,paid_search,brand_search_q4,173.62,330.41,1.9
2025-08-28,paid_search,generic_shoes,657.6,358.83,0.55
2025-08-28,paid_search,retargeting_search,531.22,420.76,0.79
2025-08-28,paid_social,meta_prospecting,725.38,1189.45,1.64
2025-08-28,paid_social,meta_retarget,1119.29,468.91,0.42
2025-08-28,paid_social,tiktok_awareness,833.98,642.12,0.77
2025-08-29,affiliate,coupon_site,1131.24,535.83,0.47
2025-08-29,affiliate,partner_blog,495.73,534.48,1.08
2025-08-29,paid_search,brand_search_q4,285.22,463.61,1.63
2025-08-29,paid_search,generic_shoes,382.3,371.63,0.97
2025-08-29,paid_search,retargeting_search,478.38,1653.71,3.46
2025-08-29,paid_social,meta_prospecting,262.46,622.71,2.37
2025-08-29,paid_social,meta_retarget,657.2,751.44,1.14
2025-08-29,paid_social,tiktok_awareness,777.15,394.46,0.51
2025-08-30,affiliate,coupon_site,123.37,613.87,4.98
2025-08-30,affiliate,partner_blog,950.2,364.52,0.38
2025-08-30,paid_search,brand_search_q4,819.45,428.13,0.52
2025-08-30,paid_search,generic_shoes,857.82,702.4,0.82
2025-08-30,paid_search,retargeting_search,126.02,320.01,2.54
2025-08-30,paid_social,meta_prospecting,986.54,931.61,0.94
2025-08-30,paid_social,meta_retarget,913.01,393.25,0.43
2025-08-30,paid_social,tiktok_awareness,673.77,640.21,0.95
2025-08-31,affiliate,coupon_site,370.18,391.44,1.06
2025-08-31,affiliate,partner_blog,642.07,538.02,0.84
2025-08-31,paid_search,brand_search_q4,1130.93,781.66,0.69
2025-08-31,paid_search,generic_shoes,1006.99,970.31,0.96
2025-08-31,paid_search,retargeting_search,235.05,283.73,1.21
2025-08-31,paid_social,meta_prospecting,945.99,660.25,0.7
2025-08-31,paid_social,meta_retarget,732.14,586.23,0.8
2025-08-31,paid_social,tiktok_awareness,517.71,701.44,1.35
2025-09-01,affiliate,coupon_site,643.45,586.4,0.91
2025-09-01,affiliate,partner_blog,892.14,877.92,0.98
2025-09-01,paid_search,brand_search_q4,190.45,1716.18,9.01
2025-09-01,paid_search,generic_shoes,629.09,1595.05,2.54
2025-09-01,paid_search,retargeting_search,175.08,1282.9,7.33
2025-09-01,paid_social,meta_prospecting,316.32,1523.63,4.82
2025-09-01,paid_social,meta_retarget,1178.51,1080.09,0.92
2025-09-01,paid_social,tiktok_awareness,634.37,594.98,0.94
2025-09-02,affiliate,coupon_site,218.06,779.66,3.58
2025-09-02,affiliate,partner_blog,807.2,806.85,1.0
2025-09-02,paid_search,brand_search_q4,170.83,1952.26,11.43
2025-09-02,paid_search,generic_shoes,1100.56,1301.85,1.18
2025-09-02,paid_search,retargeting_search,801.02,1595.17,1.99
2025-09-02,paid_social,meta_prospecting,1168.85,662.06,0.57
2025-09-02,paid_social,meta_retarget,1155.25,1246.39,1.08
2025-09-02,paid_social,tiktok_awareness,813.77,1328.95,1.63
2025-09-03,affiliate,coupon_site,733.65,696.7,0.95
2025-09-03,affiliate,partner_blog,151.9,286.54,1.89
2025-09-03,paid_search,brand_search_q4,111.19,809.34,7.28
2025-09-03,paid_search,generic_shoes,605.65,1199.58,1.98
2025-09-03,paid_search,retargeting_search,1120.34,2019.54,1.8
2025-09-03,paid_social,meta_prospecting,62.5,1968.16,31.49
2025-09-03,paid_social,meta_retarget,94.49,681.08,7.21
2025-09-03,paid_social,tiktok_awareness,1087.23,1532.45,1.41
2025-09-04,affiliate,coupon_site,516.69,858.82,1.66
2025-09-04,affiliate,partner_blog,79.18,116.34,1.47
2025-09-04,paid_search,brand_search_q4,226.54,2049.16,9.05
2025-09-04,paid_search,generic_shoes,921.32,738.22,0.8
2025-09-04,paid_search,retargeting_search,570.68,1028.73,1.8
2025-09-04,paid_social,meta_prospecting,213.34,490.47,2.3
2025-09-04,paid_social,meta_retarget,764.38,700.28,0.92
2025-09-04,paid_social,tiktok_awareness,212.01,627.63,2.96
2025-09-05,affiliate,coupon_site,857.11,958.32,1.12
2025-09-05,affiliate,partner_blog,860.28,606.12,0.7
2025-09-05,paid_search,brand_search_q4,1175.54,1892.18,1.61
2025-09-05,paid_search,generic_shoes,1014.26,1783.61,1.76
2025-09-05,paid_search,retargeting_search,947.55,700.36,0.74
2025-09-05,paid_social,meta_prospecting,520.73,936.48,1.8
2025-09-05,paid_social,meta_retarget,210.54,1276.29,6.06
2025-09-05,paid_social,tiktok_awareness,88.55,511.0,5.77
2025-09-06,affiliate,coupon_site,605.46,951.44,1.57
2025-09-06,affiliate,partner_blog,420.85,962.95,2.29
2025-09-06,paid_search,brand_search_q4,293.13,1684.38,5.75
2025-09-06,paid_search,generic_shoes,955.5,1591.18,1.67
2025-09-06,paid_search,retargeting_search,367.43,1358.15,3.7
2025-09-06,paid_social,meta_prospecting,1125.11,860.05,0.76
2025-09-06,paid_social,meta_retarget,1146.72,782.78,0.68
2025-09-06,paid_social,tiktok_awareness,696.35,608.47,0.87
2025-09-07,affiliate,coupon_site,606.07,265.75,0.44
2025-09-07,affiliate,partner_blog,67.73,107.59,1.59
2025-09-07,paid_search,brand_search_q4,430.5,654.1,1.52
2025-09-07,paid_search,generic_shoes,285.38,1022.48,3.58
2025-09-07,paid_search,retargeting_search,870.97,937.96,1.08
2025-09-07,paid_social,meta_prospecting,303.35,1730.4,5.7
2025-09-07,paid_social,meta_retarget,916.54,832.96,0.91
2025-09-07,paid_social,tiktok_awareness,492.87,805.2,1.63
2025-09-08,affiliate,coupon_site,871.7,230.68,0.26
2025-09-08,affiliate,partner_blog,170.69,0.0,0.0
2025-09-08,paid_search,brand_search_q4,287.13,1756.86,6.12
2025-09-08,paid_search,generic_shoes,296.46,886.26,2.99
2025-09-08,paid_search,retargeting_search,1176.22,1883.3,1.6
2025-09-08,paid_social,meta_prospecting,1006.92,581.74,0.58
2025-09-08,paid_social,meta_retarget,497.47,444.7,0.89
2025-09-08,paid_social,tiktok_awareness,323.94,1458.99,4.5
2025-09-09,affiliate,coupon_site,85.19,49.02,0.58
2025-09-09,affiliate,partner_blog,903.98,0.0,0.0
2025-09-09,paid_search,brand_search_q4,178.32,512.94,2.88
2025-09-09,paid_search,generic_shoes,854.32,496.56,0.58
2025-09-09,paid_search,retargeting_search,507.98,402.03,0.79
2025-09-09,paid_social,meta_prospecting,736.69,791.96,1.08
2025-09-09,paid_social,meta_retarget,761.83,367.84,0.48
2025-09-09,paid_social,tiktok_awareness,754.14,376.62,0.5
2025-09-10,affiliate,coupon_site,462.02,33.88,0.07
2025-09-10,affiliate,partner_blog,455.21,476.32,1.05
2025-09-10,paid_search,brand_search_q4,990.12,263.7,0.27
2025-09-10,paid_search,generic_shoes,683.37,1173.18,1.72
2025-09-10,paid_search,retargeting_search,467.66,718.19,1.54
2025-09-10,paid_social,meta_prospecting,1004.74,498.76,0.5
2025-09-10,paid_social,meta_retarget,1086.08,1066.3,0.98
2025-09-10,paid_social,tiktok_awareness,951.61,1350.13,1.42
2025-09-11,affiliate,coupon_site,352.41,668.94,1.9
2025-09-11,affiliate,partner_blog,871.65,277.74,0.32
2025-09-11,paid_search,brand_search_q4,395.08,774.58,1.96
2025-09-11,paid_search,generic_shoes,816.61,329.48,0.4
2025-09-11,paid_search,retargeting_search,516.13,264.31,0.51
2025-09-11,paid_social,meta_prospecting,1136.13,104.3,0.09
2025-09-11,paid_social,meta_retarget,759.35,280.47,0.37
2025-09-11,paid_social,tiktok_awareness,739.73,389.64,0.53
2025-09-12,affiliate,coupon_site,373.43,463.49,1.24
2025-09-12,affiliate,partner_blog,948.12,824.24,0.87
2025-09-12,paid_search,brand_search_q4,700.82,563.16,0.8
2025-09-12,paid_search,generic_shoes,605.07,398.71,0.66
2025-09-12,paid_search,retargeting_search,730.74,1554.96,2.13
2025-09-12,paid_social,meta_prospecting,887.09,1030.37,1.16
2025-09-12,paid_social,meta_retarget,792.61,542.01,0.68
2025-09-12,paid_social,tiktok_awareness,867.07,515.85,0.59
2025-09-13,affiliate,coupon_site,818.81,503.93,0.62
2025-09-13,affiliate,partner_blog,649.26,441.86,0.68
2025-09-13,paid_search,brand_search_q4,1041.63,184.6,0.18
2025-09-13,paid_search,generic_shoes,203.24,297.7,1.46
2025-09-13,paid_search,retargeting_search,793.12,902.81,1.14
2025-09-13,paid_social,meta_prospecting,280.33,67.38,0.24
2025-09-13,paid_social,meta_retarget,1112.25,605.51,0.54
2025-09-13,paid_social,tiktok_awareness,738.96,398.3,0.54
2025-09-14,affiliate,coupon_site,832.08,395.58,0.48
2025-09-14,affiliate,partner_blog,1154.35,902.28,0.78
2025-09-14,paid_search,brand_search_q4,228.33,1635.48,7.16
2025-09-14,paid_search,generic_shoes,1193.31,576.32,0.48
2025-09-14,paid_search,retargeting_search,684.52,587.64,0.86
2025-09-14,paid_social,meta_prospecting,540.0,872.91,1.62
2025-09-14,paid_social,meta_retarget,794.88,624.36,0.79
2025-09-14,paid_social,tiktok_awareness,290.95,580.76,2.0
2025-09-15,affiliate,coupon_site,415.24,423.91,1.02
2025-09-15,affiliate,partner_blog,625.8,0.0,0.0
2025-09-15,paid_search,brand_search_q4,1082.81,820.73,0.76
2025-09-15,paid_search,generic_shoes,168.08,112.5,0.67
2025-09-15,paid_search,retargeting_search,761.74,1503.73,1.97
2025-09-15,paid_social,meta_prospecting,906.27,1673.15,1.85
2025-09-15,paid_social,meta_retarget,312.88,812.36,2.6
2025-09-15,paid_social,tiktok_awareness,353.53,796.5,2.25
2025-09-16,affiliate,coupon_site,246.27,464.01,1.88
2025-09-16,affiliate,partner_blog,822.93,657.4,0.8
2025-09-16,paid_search,brand_search_q4,399.93,1488.24,3.72
2025-09-16,paid_search,generic_shoes,1052.21,725.65,0.69
2025-09-16,paid_search,retargeting_search,924.83,1009.35,1.09
2025-09-16,paid_social,meta_prospecting,745.43,535.88,0.72
2025-09-16,paid_social,meta_retarget,838.7,559.71,0.67
2025-09-16,paid_social,tiktok_awareness,737.58,1266.77,1.72
2025-09-17,affiliate,coupon_site,1002.67,806.95,0.8
2025-09-17,affiliate,partner_blog,1079.49,158.1,0.15
2025-09-17,paid_search,brand_search_q4,528.7,407.7,0.77
2025-09-17,paid_search,generic_shoes,832.53,501.98,0.6
2025-09-17,paid_search,retargeting_search,551.24,412.95,0.75
2025-09-17,paid_social,meta_prospecting,242.72,334.96,1.38
2025-09-17,paid_social,meta_retarget,321.57,587.66,1.83
2025-09-17,paid_social,tiktok_awareness,599.33,643.5,1.07
2025-09-18,affiliate,coupon_site,1083.76,153.92,0.14
2025-09-18,affiliate,partner_blog,648.02,546.5,0.84
2025-09-18,paid_search,brand_search_q4,389.76,1939.52,4.98
2025-09-18,paid_search,generic_shoes,1096.3,352.32,0.32
2025-09-18,paid_search,retargeting_search,626.13,557.28,0.89
2025-09-18,paid_social,meta_prospecting,173.59,655.42,3.78
2025-09-18,paid_social,meta_retarget,541.05,298.28,0.55
2025-09-18,paid_social,tiktok_awareness,606.38,588.15,0.97
2025-09-19,affiliate,coupon_site,1094.18,684.51,0.63
2025-09-19,affiliate,partner_blog,753.94,1099.58,1.46
2025-09-19,paid_search,brand_search_q4,752.09,204.58,0.27
2025-09-19,paid_search,generic_shoes,1010.16,605.24,0.6
2025-09-19,paid_search,retargeting_search,1118.1,756.97,0.68
2025-09-19,paid_social,meta_prospecting,464.87,706.68,1.52
2025-09-19,paid_social,meta_retarget,458.66,397.55,0.87
2025-09-19,paid_social,tiktok_awareness,575.33,687.61,1.2
2025-09-20,affiliate,coupon_site,274.47,1043.74,3.8
2025-09-20,affiliate,partner_blog,281.69,822.03,2.92
2025-09-20,paid_search,brand_search_q4,168.0,1169.02,6.96
2025-09-20,paid_search,generic_shoes,833.99,621.05,0.74
2025-09-20,paid_search,retargeting_search,1133.9,1254.7,1.11
2025-09-20,paid_social,meta_prospecting,707.13,1191.69,1.69
2025-09-20,paid_social,meta_retarget,415.66,1327.67,3.19
2025-09-20,paid_social,tiktok_awareness,228.92,492.2,2.15
2025-09-21,affiliate,coupon_site,971.9,1219.44,1.25
2025-09-21,affiliate,partner_blog,589.98,449.15,0.76
2025-09-21,paid_search,brand_search_q4,801.0,1013.9,1.27
2025-09-21,paid_search,generic_shoes,112.75,1239.2,10.99
2025-09-21,paid_search,retargeting_search,965.91,432.73,0.45
2025-09-21,paid_social,meta_prospecting,1000.1,862.65,0.86
2025-09-21,paid_social,meta_retarget,351.4,863.55,2.46
2025-09-21,paid_social,tiktok_awareness,506.89,927.74,1.83
2025-09-22,affiliate,coupon_site,722.66,701.76,0.97
2025-09-22,affiliate,partner_blog,1198.09,0.0,0.0
2025-09-22,paid_search,brand_search_q4,627.4,1185.85,1.89
2025-09-22,paid_search,generic_shoes,141.82,1616.02,11.39
2025-09-22,paid_search,retargeting_search,543.04,696.15,1.28
2025-09-22,paid_social,meta_prospecting,287.44,1080.04,3.76
2025-09-22,paid_social,meta_retarget,153.9,1539.32,10.0
2025-09-22,paid_social,tiktok_awareness,730.74,709.89,0.97
2025-09-23,affiliate,coupon_site,755.28,248.2,0.33
2025-09-23,affiliate,partner_blog,1197.45,1130.96,0.94
2025-09-23,paid_search,brand_search_q4,895.98,879.94,0.98
2025-09-23,paid_search,generic_shoes,58.11,432.65,7.45
2025-09-23,paid_search,retargeting_search,60.89,709.31,11.65
2025-09-23,paid_social,meta_prospecting,701.15,954.97,1.36
2025-09-23,paid_social,meta_retarget,565.71,748.55,1.32
2025-09-23,paid_social,tiktok_awareness,689.02,444.07,0.64
2025-09-24,affiliate,coupon_site,97.54,1004.31,10.3
2025-09-24,affiliate,partner_blog,993.75,678.21,0.68
2025-09-24,paid_search,brand_search_q4,658.87,1019.32,1.55
2025-09-24,paid_search,generic_shoes,477.88,1171.83,2.45
2025-09-24,paid_search,retargeting_search,164.66,1771.04,10.76
2025-09-24,paid_social,meta_prospecting,669.98,1225.71,1.83
2025-09-24,paid_social,meta_retarget,775.78,654.41,0.84
2025-09-24,paid_social,tiktok_awareness,359.95,785.44,2.18
2025-09-25,affiliate,coupon_site,1053.34,633.1,0.6
2025-09-25,affiliate,partner_blog,487.45,276.84,0.57
2025-09-25,paid_search,brand_search_q4,709.88,1228.72,1.73
2025-09-25,paid_search,generic_shoes,892.09,196.53,0.22
2025-09-25,paid_search,retargeting_search,1140.68,166.89,0.15
2025-09-25,paid_social,meta_prospecting,207.44,1710.32,8.24
2025-09-25,paid_social,meta_retarget,344.32,609.15,1.77
2025-09-25,paid_social,tiktok_awareness,1162.36,1430.67,1.23
2025-09-26,affiliate,coupon_site,830.25,1050.01,1.26
2025-09-26,affiliate,partner_blog,1141.16,407.09,0.36
2025-09-26,paid_search,brand_search_q4,1030.0,1664.46,1.62
2025-09-26,paid_search,generic_shoes,950.85,626.93,0.66
2025-09-26,paid_search,retargeting_search,497.42,2117.21,4.26
2025-09-26,paid_social,meta_prospecting,684.07,1191.82,1.74
2025-09-26,paid_social,meta_retarget,706.33,1315.76,1.86
2025-09-26,paid_social,tiktok_awareness,225.29,668.81,2.97
2025-09-27,affiliate,coupon_site,838.53,37.4,0.04
2025-09-27,affiliate,partner_blog,868.88,642.31,0.74
2025-09-27,paid_search,brand_search_q4,886.15,834.33,0.94
2025-09-27,paid_search,generic_shoes,882.75,749.77,0.85
2025-09-27,paid_search,retargeting_search,1170.78,1788.75,1.53
2025-09-27,paid_social,meta_prospecting,695.3,1719.32,2.47
2025-09-27,paid_social,meta_retarget,364.95,933.4,2.56
2025-09-27,paid_social,tiktok_awareness,860.53,1437.1,1.67
2025-09-28,affiliate,coupon_site,976.98,274.35,0.28
2025-09-28,affiliate,partner_blog,300.06,401.31,1.34
2025-09-28,paid_search,brand_search_q4,1177.01,1093.63,0.93
2025-09-28,paid_search,generic_shoes,63.14,369.44,5.85
2025-09-28,paid_search,retargeting_search,647.1,848.97,1.31
2025-09-28,paid_social,meta_prospecting,641.08,210.15,0.33
2025-09-28,paid_social,meta_retarget,100.3,384.71,3.84
2025-09-28,paid_social,tiktok_awareness,158.2,565.55,3.57
