report_date,channel,orders,unique_customers,net_revenue,aov
2025-06-01,affiliate,5,5,604.49,120.9
2025-06-01,email,7,7,1186.22,169.46
2025-06-01,organic,21,21,2528.62,120.41
2025-06-01,paid_search,20,20,2688.44,134.42
2025-06-01,paid_social,6,6,662.48,110.41
2025-06-02,affiliate,4,4,464.6,116.15
2025-06-02,email,10,10,1125.58,112.56
2025-06-02,organic,15,15,1929.34,128.62
2025-06-02,paid_search,14,14,1756.84,125.49
2025-06-02,paid_social,11,11,1263.92,114.9
2025-06-03,affiliate,6,6,707.65,117.94
2025-06-03,email,9,9,1389.31,154.37
2025-06-03,organic,17,17,2509.17,147.6
2025-06-03,paid_search,14,13,1857.18,132.66
2025-06-03,paid_social,25,25,4195.92,167.84
2025-06-04,affiliate,13,13,1406.69,108.21
2025-06-04,email,12,12,1784.14,148.68
2025-06-04,organic,26,26,3798.93,146.11
2025-06-04,paid_search,22,22,3308.05,150.37
2025-06-04,paid_social,10,10,1428.04,142.8
2025-06-05,affiliate,9,9,1411.56,156.84
2025-06-05,email,12,12,1910.05,159.17
2025-06-05,organic,28,28,4143.37,147.98
2025-06-05,paid_search,21,21,3239.69,154.27
2025-06-05,paid_social,21,21,3812.63,181.55
2025-06-06,affiliate,6,6,828.97,138.16
2025-06-06,email,5,5,784.57,156.91
2025-06-06,organic,6,6,682.17,113.7
2025-06-06,paid_search,11,11,1584.77,144.07
2025-06-06,paid_social,12,12,1804.4,150.37
2025-06-07,affiliate,16,16,2640.92,165.06
2025-06-07,email,12,12,1303.34,108.61
2025-06-07,organic,30,30,3656.45,121.88
2025-06-07,paid_search,28,28,4092.28,146.15
2025-06-07,paid_social,24,24,3303.65,137.65
2025-06-08,affiliate,8,8,1346.77,168.35
2025-06-08,email,8,8,530.02,66.25
2025-06-08,organic,17,17,2524.76,148.52
2025-06-08,paid_search,19,19,3047.92,160.42
2025-06-08,paid_social,15,15,2064.35,137.62
2025-06-09,affiliate,5,5,785.35,157.07
2025-06-09,email,12,12,1812.42,151.04
2025-06-09,organic,29,29,4640.08,160.0
2025-06-09,paid_search,19,19,2132.66,112.25
2025-06-09,paid_social,14,14,2249.39,160.67
2025-06-10,affiliate,7,7,1035.6,147.94
2025-06-10,email,19,19,2545.83,133.99
2025-06-10,organic,32,32,4798.76,149.96
2025-06-10,paid_search,31,31,4692.34,151.37
2025-06-10,paid_social,21,21,3428.86,163.28
2025-06-11,affiliate,4,4,372.11,93.03
2025-06-11,email,16,16,1984.87,124.05
2025-06-11,organic,25,25,2599.12,103.96
2025-06-11,paid_search,33,33,4494.6,136.2
2025-06-11,paid_social,20,20,2650.47,132.52
2025-06-12,affiliate,4,4,579.81,144.95
2025-06-12,email,6,6,1304.85,217.48
2025-06-12,organic,9,9,1130.61,125.62
2025-06-12,paid_search,11,11,1840.25,167.3
2025-06-12,paid_social,11,11,1667.9,151.63
2025-06-13,affiliate,8,8,603.5,75.44
2025-06-13,email,14,14,2075.34,148.24
2025-06-13,organic,24,24,3446.85,143.62
2025-06-13,paid_search,12,12,1735.44,144.62
2025-06-13,paid_social,7,7,985.45,140.78
2025-06-14,affiliate,4,4,523.06,130.77
2025-06-14,email,10,10,1503.19,150.32
2025-06-14,organic,19,19,2204.39,116.02
2025-06-14,paid_search,10,10,1791.57,179.16
2025-06-14,paid_social,11,11,1542.5,140.23
2025-06-15,affiliate,7,7,1026.55,146.65
2025-06-15,email,10,10,1590.47,159.05
2025-06-15,organic,13,13,1688.6,129.89
2025-06-15,paid_search,23,23,2771.62,120.51
2025-06-15,paid_social,12,12,2040.52,170.04
2025-06-16,affiliate,8,8,1136.99,142.12
2025-06-16,email,11,11,1720.65,156.42
2025-06-16,organic,24,24,3554.08,148.09
2025-06-16,paid_search,17,17,2496.87,146.87
2025-06-16,paid_social,23,23,3339.03,145.18
2025-06-17,affiliate,8,8,934.97,116.87
2025-06-17,email,10,10,1470.52,147.05
2025-06-17,organic,33,33,4785.77,145.02
2025-06-17,paid_search,36,36,5531.73,153.66
2025-06-17,paid_social,17,17,3115.16,183.24
2025-06-18,affiliate,9,9,1356.14,150.68
2025-06-18,email,10,10,1956.52,195.65
2025-06-18,organic,19,19,2696.63,141.93
2025-06-18,paid_search,21,21,2565.75,122.18
2025-06-18,paid_social,22,22,2774.18,126.1
2025-06-19,affiliate,7,7,933.84,133.41
2025-06-19,email,2,2,202.89,101.45
2025-06-19,organic,15,15,2244.77,149.65
2025-06-19,paid_search,14,14,1551.69,110.84
2025-06-19,paid_social,11,11,1254.85,114.08
2025-06-20,affiliate,13,13,1940.51,149.27
2025-06-20,email,12,12,1948.48,162.37
2025-06-20,organic,32,32,4433.65,138.55
2025-06-20,paid_search,21,21,3107.91,148.0
2025-06-20,paid_social,32,31,4284.38,133.89
2025-06-21,affiliate,6,6,524.38,87.4
2025-06-21,email,11,11,1011.22,91.93
2025-06-21,organic,26,26,3775.95,145.23
2025-06-21,paid_search,16,16,2619.98,163.75
2025-06-21,paid_social,5,5,527.59,105.52
2025-06-22,affiliate,4,4,480.6,120.15
2025-06-22,email,9,9,1029.76,114.42
2025-06-22,organic,13,13,1835.45,141.19
2025-06-22,paid_search,5,5,597.76,119.55
2025-06-22,paid_social,9,9,1601.12,177.9
2025-06-23,affiliate,4,4,638.24,159.56
2025-06-23,email,10,10,1452.45,145.25
2025-06-23,organic,22,22,3071.35,139.61
2025-06-23,paid_search,24,24,3793.79,158.07
2025-06-23,paid_social,16,16,2218.89,138.68
2025-06-24,affiliate,11,11,943.88,85.81
2025-06-24,email,8,8,1624.94,203.12
2025-06-24,organic,15,15,2452.19,163.48
2025-06-24,paid_search,19,19,1966.42,103.5
2025-06-24,paid_social,15,15,1962.8,130.85
2025-06-25,affiliate,8,8,1364.12,170.52
2025-06-25,email,9,9,1109.36,123.26
2025-06-25,organic,33,33,5423.1,164.34
2025-06-25,paid_search,14,14,2102.72,150.19
2025-06-25,paid_social,18,18,2120.23,117.79
2025-06-26,affiliate,12,12,1505.37,125.45
2025-06-26,email,11,11,1622.64,147.51
2025-06-26,organic,31,31,4815.2,155.33
2025-06-26,paid_search,22,22,3478.83,158.13
2025-06-26,paid_social,28,28,3213.64,114.77
2025-06-27,affiliate,7,7,914.98,130.71
2025-06-27,email,17,17,2050.75,120.63
2025-06-27,organic,26,26,3582.58,137.79
2025-06-27,paid_search,19,19,2439.34,128.39
2025-06-27,paid_social,21,20,2608.92,124.23
2025-06-28,affiliate,1,1,29.45,29.45
2025-06-28,email,10,10,1627.64,162.76
2025-06-28,organic,22,22,2829.97,128.64
2025-06-28,paid_search,17,17,2273.75,133.75
2025-06-28,paid_social,23,23,3394.75,147.6
2025-06-29,affiliate,14,14,1949.13,139.22
2025-06-29,email,15,15,2282.48,152.17
2025-06-29,organic,24,24,3303.49,137.65
2025-06-29,paid_search,24,24,3571.04,148.79
2025-06-29,paid_social,25,25,3851.48,154.06
2025-06-30,affiliate,6,6,717.43,119.57
2025-06-30,email,7,7,981.04,140.15
2025-06-30,organic,22,22,3102.11,141.01
2025-06-30,paid_search,28,28,3302.07,117.93
2025-06-30,paid_social,15,15,2012.62,134.17
2025-07-01,affiliate,8,8,1123.51,140.44
2025-07-01,email,6,6,841.14,140.19
2025-07-01,organic,13,13,2284.6,175.74
2025-07-01,paid_search,17,17,2120.81,124.75
2025-07-01,paid_social,17,17,2676.37,157.43
2025-07-02,affiliate,2,2,177.15,88.58
2025-07-02,email,6,6,842.83,140.47
2025-07-02,organic,13,13,1949.36,149.95
2025-07-02,paid_search,12,12,1574.96,131.25
2025-07-02,paid_social,10,10,1195.08,119.51
2025-07-03,affiliate,4,4,667.73,166.93
2025-07-03,email,11,11,1886.1,171.46
2025-07-03,organic,15,15,2347.28,156.49
2025-07-03,paid_search,11,11,1374.92,124.99
2025-07-03,paid_social,11,11,1645.01,149.55
2025-07-04,affiliate,8,8,1081.45,135.18
2025-07-04,email,9,9,1453.65,161.52
2025-07-04,organic,14,14,1907.26,136.23
2025-07-04,paid_search,15,15,1985.34,132.36
2025-07-04,paid_social,20,19,3286.09,164.3
2025-07-05,affiliate,9,9,1240.55,137.84
2025-07-05,email,8,8,937.18,117.15
2025-07-05,organic,24,24,3133.09,130.55
2025-07-05,paid_search,15,15,2040.81,136.05
2025-07-05,paid_social,13,13,2138.61,164.51
2025-07-06,affiliate,2,2,370.42,185.21
2025-07-06,email,6,6,752.13,125.36
2025-07-06,organic,19,19,2464.02,129.69
2025-07-06,paid_search,11,11,1813.42,164.86
2025-07-06,paid_social,15,15,1905.13,127.01
2025-07-07,affiliate,9,9,1735.59,192.84
2025-07-07,email,15,15,2151.76,143.45
2025-07-07,organic,26,26,3624.91,139.42
2025-07-07,paid_search,25,25,3565.82,142.63
2025-07-07,paid_social,23,23,2819.03,122.57
2025-07-08,affiliate,5,5,641.82,128.36
2025-07-08,email,8,8,1418.04,177.26
2025-07-08,organic,24,24,3384.43,141.02
2025-07-08,paid_search,19,19,2535.33,133.44
2025-07-08,paid_social,15,15,1499.23,99.95
2025-07-09,affiliate,11,11,1713.84,155.8
2025-07-09,email,9,9,1355.8,150.64
2025-07-09,organic,11,11,1337.82,121.62
2025-07-09,paid_search,13,13,1752.93,134.84
2025-07-09,paid_social,10,10,1242.53,124.25
2025-07-10,affiliate,2,2,296.51,148.26
2025-07-10,email,2,2,376.9,188.45
2025-07-10,organic,12,12,1582.06,131.84
2025-07-10,paid_search,9,9,1456.41,161.82
2025-07-10,paid_social,10,10,1491.45,149.15
2025-07-11,affiliate,10,10,1429.49,142.95
2025-07-11,email,16,16,2457.62,153.6
2025-07-11,organic,19,19,2639.73,138.93
2025-07-11,paid_search,24,24,3367.63,140.32
2025-07-11,paid_social,38,38,5295.77,139.36
2025-07-12,affiliate,9,9,806.48,89.61
2025-07-12,email,9,9,741.86,82.43
2025-07-12,organic,23,23,3673.18,159.7
2025-07-12,paid_search,26,26,3940.79,151.57
2025-07-12,paid_social,18,18,2479.06,137.73
2025-07-13,affiliate,10,10,1408.31,140.83
2025-07-13,email,11,11,1416.98,128.82
2025-07-13,organic,20,20,3332.76,166.64
2025-07-13,paid_search,14,13,1962.04,140.15
2025-07-13,paid_social,15,15,2107.66,140.51
2025-07-14,affiliate,13,13,1443.76,111.06
2025-07-14,email,16,16,1696.88,106.06
2025-07-14,organic,20,20,2704.77,135.24
2025-07-14,paid_search,19,19,2931.39,154.28
2025-07-14,paid_social,21,21,3218.86,153.28
2025-07-15,affiliate,10,10,1295.74,129.57
2025-07-15,email,12,12,1491.29,124.27
2025-07-15,organic,17,17,2058.63,121.1
2025-07-15,paid_search,18,18,2660.91,147.83
2025-07-15,paid_social,22,22,2802.34,127.38
2025-07-16,affiliate,11,11,1691.72,153.79
2025-07-16,email,9,9,1308.0,145.33
2025-07-16,organic,22,22,3662.17,166.46
2025-07-16,paid_search,33,33,5457.43,165.38
2025-07-16,paid_social,32,32,4677.86,146.18
2025-07-17,affiliate,5,5,995.04,199.01
2025-07-17,email,11,11,1471.88,133.81
2025-07-17,organic,17,17,2282.62,134.27
2025-07-17,paid_search,26,26,3774.86,145.19
2025-07-17,paid_social,16,16,2279.61,142.48
2025-07-18,affiliate,10,10,1668.06,166.81
2025-07-18,email,14,14,2104.84,150.35
2025-07-18,organic,22,22,3360.08,152.73
2025-07-18,paid_search,19,19,2772.18,145.9
2025-07-18,paid_social,14,14,1502.2,107.3
2025-07-19,affiliate,6,6,755.19,125.87
2025-07-19,email,21,21,2381.69,113.41
2025-07-19,organic,29,29,4314.57,148.78
2025-07-19,paid_search,16,16,2342.55,146.41
2025-07-19,paid_social,19,19,2382.86,125.41
2025-07-20,affiliate,4,4,306.32,76.58
2025-07-20,email,6,6,1149.88,191.65
2025-07-20,organic,12,12,1178.29,98.19
2025-07-20,paid_search,15,15,2064.63,137.64
2025-07-20,paid_social,12,12,1759.91,146.66
2025-07-21,affiliate,10,10,1172.8,117.28
2025-07-21,email,9,9,1137.35,126.37
2025-07-21,organic,17,17,2574.21,151.42
2025-07-21,paid_search,19,19,2396.6,126.14
2025-07-21,paid_social,16,16,1674.43,104.65
2025-07-22,affiliate,2,2,146.68,73.34
2025-07-22,email,17,17,2318.18,136.36
2025-07-22,organic,24,24,4020.34,167.51
2025-07-22,paid_search,21,21,2581.8,122.94
2025-07-22,paid_social,20,20,3470.13,173.51
2025-07-23,affiliate,7,7,1141.63,163.09
2025-07-23,email,7,7,1191.41,170.2
2025-07-23,organic,14,14,2454.36,175.31
2025-07-23,paid_search,14,14,1915.7,136.84
2025-07-23,paid_social,6,6,777.56,129.59
2025-07-24,affiliate,8,8,941.05,117.63
2025-07-24,email,7,7,662.22,94.6
2025-07-24,organic,15,15,1800.31,120.02
2025-07-24,paid_search,23,23,3044.31,132.36
2025-07-24,paid_social,17,17,2976.29,175.08
2025-07-25,affiliate,11,11,1687.03,153.37
2025-07-25,email,12,12,1764.11,147.01
2025-07-25,organic,21,21,2981.56,141.98
2025-07-25,paid_search,30,30,3899.54,129.98
2025-07-25,paid_social,14,14,1963.08,140.22
2025-07-26,affiliate,4,4,410.19,102.55
2025-07-26,email,14,14,2648.03,189.15
2025-07-26,organic,26,26,4053.76,155.91
2025-07-26,paid_search,26,26,4062.45,156.25
2025-07-26,paid_social,20,20,3116.99,155.85
2025-07-27,affiliate,12,12,1712.45,142.7
2025-07-27,email,11,11,1465.83,133.26
2025-07-27,organic,19,19,2522.84,132.78
2025-07-27,paid_search,19,19,2978.92,156.79
2025-07-27,paid_social,23,23,3342.82,145.34
2025-07-28,affiliate,9,9,1144.05,127.12
2025-07-28,email,11,11,1498.67,136.24
2025-07-28,organic,33,33,4139.5,125.44
2025-07-28,paid_search,21,21,2643.21,125.87
2025-07-28,paid_social,14,14,1947.39,139.1
2025-07-29,affiliate,3,3,369.42,123.14
2025-07-29,email,5,5,818.09,163.62
2025-07-29,organic,15,15,2093.16,139.54
2025-07-29,paid_search,9,9,839.68,93.3
2025-07-29,paid_social,12,12,1188.12,99.01
2025-07-30,affiliate,1,1,42.98,42.98
2025-07-30,email,9,9,1147.02,127.45
2025-07-30,organic,19,19,2453.18,129.11
2025-07-30,paid_search,10,10,1353.31,135.33
2025-07-30,paid_social,9,9,1459.39,162.15
2025-07-31,affiliate,4,4,549.23,137.31
2025-07-31,email,10,10,1129.6,112.96
2025-07-31,organic,10,10,1415.45,141.55
2025-07-31,paid_search,10,10,1467.42,146.74
2025-07-31,paid_social,9,9,1116.81,124.09
2025-08-01,affiliate,9,9,1121.35,124.59
2025-08-01,email,14,14,1976.96,141.21
2025-08-01,organic,22,22,2668.69,121.3
2025-08-01,paid_search,21,21,2664.46,126.88
2025-08-01,paid_social,24,24,3317.09,138.21
2025-08-02,affiliate,11,11,1695.73,154.16
2025-08-02,email,11,11,1837.7,167.06
2025-08-02,organic,30,30,3796.37,126.55
2025-08-02,paid_search,19,19,2168.93,114.15
2025-08-02,paid_social,22,22,2957.6,134.44
2025-08-03,affiliate,5,5,587.91,117.58
2025-08-03,email,9,9,1380.34,153.37
2025-08-03,organic,17,17,2541.67,149.51
2025-08-03,paid_search,19,19,2527.52,133.03
2025-08-03,paid_social,16,16,1988.56,124.29
2025-08-04,affiliate,2,2,273.09,136.55
2025-08-04,email,4,4,589.76,147.44
2025-08-04,organic,11,11,1747.92,158.9
2025-08-04,paid_search,13,13,2107.96,162.15
2025-08-04,paid_social,8,8,1023.82,127.98
2025-08-05,affiliate,9,9,1145.54,127.28
2025-08-05,email,11,11,1744.81,158.62
2025-08-05,organic,18,17,2335.94,129.77
2025-08-05,paid_search,20,20,2076.05,103.8
2025-08-05,paid_social,19,19,3162.05,166.42
2025-08-06,affiliate,5,5,834.11,166.82
2025-08-06,email,13,13,1914.83,147.29
2025-08-06,organic,18,18,1901.29,105.63
2025-08-06,paid_search,29,29,3583.75,123.58
2025-08-06,paid_social,23,23,2824.35,122.8
2025-08-07,affiliate,8,8,1311.11,163.89
2025-08-07,email,7,7,905.9,129.41
2025-08-07,organic,21,21,2674.86,127.37
2025-08-07,paid_search,29,29,3989.73,137.58
2025-08-07,paid_social,26,26,3656.33,140.63
2025-08-08,affiliate,6,6,835.28,139.21
2025-08-08,email,4,4,918.32,229.58
2025-08-08,organic,17,17,2259.61,132.92
2025-08-08,paid_search,17,17,2095.74,123.28
2025-08-08,paid_social,15,15,2446.64,163.11
2025-08-09,affiliate,12,12,1802.21,150.18
2025-08-09,email,14,14,1758.02,125.57
2025-08-09,organic,32,32,4447.03,138.97
2025-08-09,paid_search,39,39,5072.15,130.06
2025-08-09,paid_social,7,7,912.33,130.33
2025-08-10,affiliate,9,9,1379.57,153.29
2025-08-10,email,20,20,2582.64,129.13
2025-08-10,organic,32,32,4603.64,143.86
2025-08-10,paid_search,24,24,3109.59,129.57
2025-08-10,paid_social,22,22,3207.95,145.82
2025-08-11,affiliate,2,2,487.27,243.64
2025-08-11,email,4,4,469.65,117.41
2025-08-11,organic,14,14,1919.66,137.12
2025-08-11,paid_search,11,11,1599.7,145.43
2025-08-11,paid_social,7,7,913.9,130.56
2025-08-12,affiliate,2,2,227.94,113.97
2025-08-12,email,6,6,865.9,144.32
2025-08-12,organic,15,15,2486.48,165.77
2025-08-12,paid_search,12,12,1532.32,127.69
2025-08-12,paid_social,8,8,961.05,120.13
2025-08-13,affiliate,5,5,542.87,108.57
2025-08-13,email,15,15,2181.33,145.42
2025-08-13,organic,23,23,3033.17,131.88
2025-08-13,paid_search,23,23,3188.52,138.63
2025-08-13,paid_social,11,11,1829.15,166.29
2025-08-14,affiliate,11,11,1244.34,113.12
2025-08-14,email,9,9,1446.49,160.72
2025-08-14,organic,15,15,2183.06,145.54
2025-08-14,paid_search,28,28,3313.92,118.35
2025-08-14,paid_social,18,18,2271.99,126.22
2025-08-15,affiliate,3,3,423.94,141.31
2025-08-15,email,11,11,1351.44,122.86
2025-08-15,organic,19,19,2890.68,152.14
2025-08-15,paid_search,9,9,1458.74,162.08
2025-08-15,paid_social,7,7,1234.02,176.29
2025-08-16,affiliate,10,10,1229.48,122.95
2025-08-16,email,18,18,2710.84,150.6
2025-08-16,organic,23,23,3134.86,136.3
2025-08-16,paid_search,23,23,3581.38,155.71
2025-08-16,paid_social,35,35,4755.34,135.87
2025-08-17,affiliate,10,10,1451.76,145.18
2025-08-17,email,10,10,1258.43,125.84
2025-08-17,organic,11,11,2247.09,204.28
2025-08-17,paid_search,17,17,2458.52,144.62
2025-08-17,paid_social,15,15,2368.35,157.89
2025-08-18,affiliate,9,9,1230.85,136.76
2025-08-18,email,9,9,1430.62,158.96
2025-08-18,organic,24,24,3141.03,130.88
2025-08-18,paid_search,16,16,2159.22,134.95
2025-08-18,paid_social,21,21,3250.13,154.77
2025-08-19,affiliate,2,2,185.87,92.94
2025-08-19,email,3,3,316.51,105.5
2025-08-19,organic,9,9,1624.31,180.48
2025-08-19,paid_search,13,13,1791.18,137.78
2025-08-19,paid_social,8,8,1053.3,131.66
2025-08-20,affiliate,6,6,968.62,161.44
2025-08-20,email,6,6,776.71,129.45
2025-08-20,organic,11,11,1370.69,124.61
2025-08-20,paid_search,8,8,1301.04,162.63
2025-08-20,paid_social,7,7,1417.32,202.47
2025-08-21,affiliate,8,8,1117.94,139.74
2025-08-21,email,21,21,2945.65,140.27
2025-08-21,organic,24,24,3211.5,133.81
2025-08-21,paid_search,21,21,3391.6,161.5
2025-08-21,paid_social,21,21,2944.13,140.2
2025-08-22,affiliate,6,6,723.44,120.57
2025-08-22,email,14,14,1978.82,141.34
2025-08-22,organic,27,27,3814.42,141.27
2025-08-22,paid_search,25,25,3460.5,138.42
2025-08-22,paid_social,13,13,1390.81,106.99
2025-08-23,affiliate,4,4,640.07,160.02
2025-08-23,email,9,9,1267.25,140.81
2025-08-23,organic,10,10,1745.23,174.52
2025-08-23,paid_search,16,16,2329.3,145.58
2025-08-23,paid_social,10,10,1859.46,185.95
2025-08-24,affiliate,7,7,1023.62,146.23
2025-08-24,email,14,14,1834.84,131.06
2025-08-24,organic,20,20,2883.96,144.2
2025-08-24,paid_search,18,18,2300.64,127.81
2025-08-24,paid_social,18,18,2246.21,124.79
2025-08-25,affiliate,10,10,1415.11,141.51
2025-08-25,email,11,11,1574.0,143.09
2025-08-25,organic,18,18,2588.52,143.81
2025-08-25,paid_search,17,17,2432.91,143.11
2025-08-25,paid_social,20,20,2336.43,116.82
2025-08-26,affiliate,6,6,815.98,136.0
2025-08-26,email,15,15,1887.04,125.8
2025-08-26,organic,33,33,4911.66,148.84
2025-08-26,paid_search,19,19,2791.72,146.93
2025-08-26,paid_social,19,19,2738.4,144.13
2025-08-27,affiliate,8,8,713.88,89.24
2025-08-27,email,9,9,1062.59,118.07
2025-08-27,organic,27,27,3618.8,134.03
2025-08-27,paid_search,21,21,2900.32,138.11
2025-08-27,paid_social,20,20,2358.47,117.92
2025-08-28,affiliate,6,6,456.48,76.08
2025-08-28,email,4,4,450.84,112.71
2025-08-28,organic,12,12,1458.24,121.52
2025-08-28,paid_search,8,8,1110.0,138.75
2025-08-28,paid_social,14,14,2300.48,164.32
2025-08-29,affiliate,10,10,1070.31,107.03
2025-08-29,email,14,14,1913.69,136.69
2025-08-29,organic,15,15,2754.99,183.67
2025-08-29,paid_search,17,17,2488.95,146.41
2025-08-29,paid_social,14,14,1768.61,126.33
2025-08-30,affiliate,7,7,978.39,139.77
2025-08-30,email,9,9,1085.15,120.57
2025-08-30,organic,10,10,1683.98,168.4
2025-08-30,paid_search,10,10,1450.54,145.05
2025-08-30,paid_social,18,18,1965.07,109.17
2025-08-31,affiliate,6,6,929.46,154.91
2025-08-31,email,7,7,676.68,96.67
2025-08-31,organic,25,25,3609.13,144.37
2025-08-31,paid_search,22,22,2035.7,92.53
2025-08-31,paid_social,14,14,1947.92,139.14
2025-09-01,affiliate,9,9,1464.32,162.7
2025-09-01,email,10,10,1095.78,109.58
2025-09-01,organic,26,26,4008.76,154.18
2025-09-01,paid_search,33,33,4594.13,139.22
2025-09-01,paid_social,22,22,3198.7,145.4
2025-09-02,affiliate,11,11,1586.51,144.23
2025-09-02,email,16,16,2027.32,126.71
2025-09-02,organic,19,19,2166.79,114.04
2025-09-02,paid_search,32,32,4849.28,151.54
2025-09-02,paid_social,22,22,3237.4,147.15
2025-09-03,affiliate,5,5,983.24,196.65
2025-09-03,email,14,14,1711.73,122.27
2025-09-03,organic,31,31,4048.03,130.58
2025-09-03,paid_search,27,27,4028.46,149.2
2025-09-03,paid_social,28,28,4181.69,149.35
2025-09-04,affiliate,9,9,975.16,108.35
2025-09-04,email,7,7,1157.66,165.38
2025-09-04,organic,18,18,3014.86,167.49
2025-09-04,paid_search,22,22,3816.11,173.46
2025-09-04,paid_social,15,15,1818.38,121.23
2025-09-05,affiliate,10,10,1564.44,156.44
2025-09-05,email,8,8,1480.37,185.05
2025-09-05,organic,31,31,4954.67,159.83
2025-09-05,paid_search,29,29,4376.15,150.9
2025-09-05,paid_social,28,28,2723.77,97.28
2025-09-06,affiliate,14,14,1914.39,136.74
2025-09-06,email,13,13,1838.55,141.43
2025-09-06,organic,36,36,5088.12,141.34
2025-09-06,paid_search,30,30,4633.71,154.46
2025-09-06,paid_social,12,12,2251.3,187.61
2025-09-07,affiliate,3,3,373.34,124.45
2025-09-07,email,13,13,2133.0,164.08
2025-09-07,organic,18,18,1915.49,106.42
2025-09-07,paid_search,14,14,2614.54,186.75
2025-09-07,paid_social,22,22,3368.56,153.12
2025-09-08,affiliate,3,3,230.68,76.89
2025-09-08,email,12,12,1706.03,142.17
2025-09-08,organic,26,26,3623.87,139.38
2025-09-08,paid_search,31,31,4526.42,146.01
2025-09-08,paid_social,25,25,2485.43,99.42
2025-09-09,affiliate,1,1,49.02,49.02
2025-09-09,email,1,1,144.93,144.93
2025-09-09,organic,10,10,1378.94,137.89
2025-09-09,paid_search,13,13,1411.53,108.58
2025-09-09,paid_social,11,11,1536.42,139.67
2025-09-10,affiliate,5,5,510.2,102.04
2025-09-10,email,7,7,845.81,120.83
2025-09-10,organic,12,12,1677.08,139.76
2025-09-10,paid_search,21,21,2155.07,102.62
2025-09-10,paid_social,19,19,2915.19,153.43
2025-09-11,affiliate,6,6,946.68,157.78
2025-09-11,email,5,5,588.9,117.78
2025-09-11,organic,19,19,3072.46,161.71
2025-09-11,paid_search,9,9,1368.37,152.04
2025-09-11,paid_social,8,8,774.41,96.8
2025-09-12,affiliate,10,10,1287.73,128.77
2025-09-12,email,5,5,640.57,128.11
2025-09-12,organic,29,29,3903.69,134.61
2025-09-12,paid_search,18,18,2516.83,139.82
2025-09-12,paid_social,16,16,2088.23,130.51
2025-09-13,affiliate,6,6,945.79,157.63
2025-09-13,email,7,7,1310.67,187.24
2025-09-13,organic,17,17,2438.02,143.41
2025-09-13,paid_search,11,11,1385.11,125.92
2025-09-13,paid_social,9,9,1071.19,119.02
2025-09-14,affiliate,8,8,1297.86,162.23
2025-09-14,email,9,9,1368.71,152.08
2025-09-14,organic,18,18,2518.17,139.9
2025-09-14,paid_search,20,20,2799.44,139.97
2025-09-14,paid_social,10,10,2078.03,207.8
2025-09-15,affiliate,2,2,423.91,211.96
2025-09-15,email,12,12,1745.45,145.45
2025-09-15,organic,21,21,3159.24,150.44
2025-09-15,paid_search,21,21,2436.96,116.05
2025-09-15,paid_social,24,24,3282.01,136.75
2025-09-16,affiliate,11,11,1121.41,101.95
2025-09-16,email,12,12,1605.9,133.83
2025-09-16,organic,35,35,5150.29,147.15
2025-09-16,paid_search,27,27,3223.24,119.38
2025-09-16,paid_social,17,17,2362.36,138.96
2025-09-17,affiliate,5,5,965.05,193.01
2025-09-17,email,8,8,1114.9,139.36
2025-09-17,organic,13,13,1356.91,104.38
2025-09-17,paid_search,10,10,1322.63,132.26
2025-09-17,paid_social,10,10,1566.12,156.61
2025-09-18,affiliate,7,7,700.42,100.06
2025-09-18,email,6,6,952.97,158.83
2025-09-18,organic,11,11,1252.18,113.83
2025-09-18,paid_search,19,19,2849.12,149.95
2025-09-18,paid_social,15,15,1541.85,102.79
2025-09-19,affiliate,12,12,1784.09,148.67
2025-09-19,email,13,13,2630.04,202.31
2025-09-19,organic,28,28,3785.94,135.21
2025-09-19,paid_search,12,12,1566.79,130.57
2025-09-19,paid_social,14,14,1791.84,127.99
2025-09-20,affiliate,11,11,1865.77,169.62
2025-09-20,email,12,12,1599.75,133.31
2025-09-20,organic,14,14,1796.9,128.35
2025-09-20,paid_search,20,20,3044.77,152.24
2025-09-20,paid_social,21,21,3011.56,143.41
2025-09-21,affiliate,14,14,1668.59,119.19
2025-09-21,email,11,11,1415.98,128.73
2025-09-21,organic,29,29,4223.82,145.65
2025-09-21,paid_search,16,16,2685.83,167.86
2025-09-21,paid_social,19,19,2653.94,139.68
2025-09-22,affiliate,5,5,701.76,140.35
2025-09-22,email,13,13,1761.55,135.5
2025-09-22,organic,21,21,3235.13,154.05
2025-09-22,paid_search,28,28,3498.02,124.93
2025-09-22,paid_social,24,24,3329.25,138.72
2025-09-23,affiliate,10,10,1379.16,137.92
2025-09-23,email,16,16,2566.12,160.38
2025-09-23,organic,22,22,3151.43,143.25
2025-09-23,paid_search,19,19,2021.9,106.42
2025-09-23,paid_social,18,18,2147.59,119.31
2025-09-24,affiliate,9,9,1682.52,186.95
2025-09-24,email,14,14,1654.01,118.14
2025-09-24,organic,17,17,2153.2,126.66
2025-09-24,paid_search,25,25,3962.19,158.49
2025-09-24,paid_social,20,20,2665.56,133.28
2025-09-25,affiliate,6,6,909.94,151.66
2025-09-25,email,18,18,2535.82,140.88
2025-09-25,organic,24,24,3884.52,161.86
2025-09-25,paid_search,15,15,1592.14,106.14
2025-09-25,paid_social,27,27,3750.14,138.89
2025-09-26,affiliate,9,9,1457.1,161.9
2025-09-26,email,15,15,2047.58,136.51
2025-09-26,organic,23,23,3224.89,140.21
2025-09-26,paid_search,26,26,4408.6,169.56
2025-09-26,paid_social,25,25,3176.39,127.06
2025-09-27,affiliate,6,6,679.71,113.29
2025-09-27,email,13,13,1063.16,81.78
2025-09-27,organic,28,28,3855.18,137.69
2025-09-27,paid_search,23,23,3372.85,146.65
2025-09-27,paid_social,31,31,4089.82,131.93
2025-09-28,affiliate,5,5,675.66,135.13
2025-09-28,email,8,8,1348.36,168.55
2025-09-28,organic,8,8,1322.56,165.32
2025-09-28,paid_search,14,14,2312.04,165.15
2025-09-28,paid_social,11,11,1160.41,105.49
