report_date,channel,sessions,orders,conversion_rate_pct
2025-06-01,affiliate,55,5,9.09
2025-06-01,email,91,7,7.69
2025-06-01,organic,177,21,11.86
2025-06-01,paid_search,170,20,11.76
2025-06-01,paid_social,146,6,4.11
2025-06-02,affiliate,74,4,5.41
2025-06-02,email,153,10,6.54
2025-06-02,organic,261,15,5.75
2025-06-02,paid_search,205,14,6.83
2025-06-02,paid_social,190,11,5.79
2025-06-03,affiliate,94,6,6.38
2025-06-03,email,124,9,7.26
2025-06-03,organic,272,17,6.25
2025-06-03,paid_search,240,14,5.83
2025-06-03,paid_social,166,25,15.06
2025-06-04,affiliate,63,13,20.63
2025-06-04,email,114,12,10.53
2025-06-04,organic,240,26,10.83
2025-06-04,paid_search,163,22,13.5
2025-06-04,paid_social,153,10,6.54
2025-06-05,affiliate,61,9,14.75
2025-06-05,email,95,12,12.63
2025-06-05,organic,182,28,15.38
2025-06-05,paid_search,158,21,13.29
2025-06-05,paid_social,131,21,16.03
2025-06-06,affiliate,47,6,12.77
2025-06-06,email,71,5,7.04
2025-06-06,organic,139,6,4.32
2025-06-06,paid_search,132,11,8.33
2025-06-06,paid_social,106,12,11.32
2025-06-07,affiliate,76,16,21.05
2025-06-07,email,121,12,9.92
2025-06-07,organic,204,30,14.71
2025-06-07,paid_search,183,28,15.3
2025-06-07,paid_social,137,24,17.52
2025-06-08,affiliate,42,8,19.05
2025-06-08,email,77,8,10.39
2025-06-08,organic,144,17,11.81
2025-06-08,paid_search,108,19,17.59
2025-06-08,paid_social,93,15,16.13
2025-06-09,affiliate,46,5,10.87
2025-06-09,email,62,12,19.35
2025-06-09,organic,124,29,23.39
2025-06-09,paid_search,107,19,17.76
2025-06-09,paid_social,99,14,14.14
2025-06-10,affiliate,28,7,25.0
2025-06-10,email,61,19,31.15
2025-06-10,organic,140,32,22.86
2025-06-10,paid_search,115,31,26.96
2025-06-10,paid_social,103,21,20.39
2025-06-11,affiliate,46,4,8.7
2025-06-11,email,78,16,20.51
2025-06-11,organic,139,25,17.99
2025-06-11,paid_search,119,33,27.73
2025-06-11,paid_social,100,20,20.0
2025-06-12,affiliate,55,4,7.27
2025-06-12,email,99,6,6.06
2025-06-12,organic,133,9,6.77
2025-06-12,paid_search,138,11,7.97
2025-06-12,paid_social,98,11,11.22
2025-06-13,affiliate,73,8,10.96
2025-06-13,email,96,14,14.58
2025-06-13,organic,217,24,11.06
2025-06-13,paid_search,172,12,6.98
2025-06-13,paid_social,125,7,5.6
2025-06-14,affiliate,57,4,7.02
2025-06-14,email,87,10,11.49
2025-06-14,organic,162,19,11.73
2025-06-14,paid_search,148,10,6.76
2025-06-14,paid_social,109,11,10.09
2025-06-15,affiliate,40,7,17.5
2025-06-15,email,89,10,11.24
2025-06-15,organic,137,13,9.49
2025-06-15,paid_search,117,23,19.66
2025-06-15,paid_social,89,12,13.48
2025-06-16,affiliate,62,8,12.9
2025-06-16,email,129,11,8.53
2025-06-16,organic,251,24,9.56
2025-06-16,paid_search,216,17,7.87
2025-06-16,paid_social,164,23,14.02
2025-06-17,affiliate,53,8,15.09
2025-06-17,email,91,10,10.99
2025-06-17,organic,175,33,18.86
2025-06-17,paid_search,132,36,27.27
2025-06-17,paid_social,123,17,13.82
2025-06-18,affiliate,48,9,18.75
2025-06-18,email,97,10,10.31
2025-06-18,organic,170,19,11.18
2025-06-18,paid_search,158,21,13.29
2025-06-18,paid_social,120,22,18.33
2025-06-19,affiliate,68,7,10.29
2025-06-19,email,107,2,1.87
2025-06-19,organic,219,15,6.85
2025-06-19,paid_search,205,14,6.83
2025-06-19,paid_social,152,11,7.24
2025-06-20,affiliate,71,13,18.31
2025-06-20,email,87,12,13.79
2025-06-20,organic,160,32,20.0
2025-06-20,paid_search,127,21,16.54
2025-06-20,paid_social,100,32,32.0
2025-06-21,affiliate,65,6,9.23
2025-06-21,email,112,11,9.82
2025-06-21,organic,229,26,11.35
2025-06-21,paid_search,175,16,9.14
2025-06-21,paid_social,142,5,3.52
2025-06-22,affiliate,88,4,4.55
2025-06-22,email,121,9,7.44
2025-06-22,organic,247,13,5.26
2025-06-22,paid_search,191,5,2.62
2025-06-22,paid_social,168,9,5.36
2025-06-23,affiliate,56,4,7.14
2025-06-23,email,75,10,13.33
2025-06-23,organic,155,22,14.19
2025-06-23,paid_search,154,24,15.58
2025-06-23,paid_social,111,16,14.41
2025-06-24,affiliate,65,11,16.92
2025-06-24,email,66,8,12.12
2025-06-24,organic,141,15,10.64
2025-06-24,paid_search,123,19,15.45
2025-06-24,paid_social,109,15,13.76
2025-06-25,affiliate,72,8,11.11
2025-06-25,email,121,9,7.44
2025-06-25,organic,218,33,15.14
2025-06-25,paid_search,185,14,7.57
2025-06-25,paid_social,117,18,15.38
2025-06-26,affiliate,53,12,22.64
2025-06-26,email,120,11,9.17
2025-06-26,organic,211,31,14.69
2025-06-26,paid_search,197,22,11.17
2025-06-26,paid_social,134,28,20.9
2025-06-27,affiliate,75,7,9.33
2025-06-27,email,117,17,14.53
2025-06-27,organic,250,26,10.4
2025-06-27,paid_search,195,19,9.74
2025-06-27,paid_social,160,21,13.13
2025-06-28,affiliate,89,1,1.12
2025-06-28,email,116,10,8.62
2025-06-28,organic,269,22,8.18
2025-06-28,paid_search,207,17,8.21
2025-06-28,paid_social,195,23,11.79
2025-06-29,affiliate,48,14,29.17
2025-06-29,email,87,15,17.24
2025-06-29,organic,171,24,14.04
2025-06-29,paid_search,127,24,18.9
2025-06-29,paid_social,119,25,21.01
2025-06-30,affiliate,69,6,8.7
2025-06-30,email,111,7,6.31
2025-06-30,organic,194,22,11.34
2025-06-30,paid_search,161,28,17.39
2025-06-30,paid_social,124,15,12.1
2025-07-01,affiliate,78,8,10.26
2025-07-01,email,111,6,5.41
2025-07-01,organic,204,13,6.37
2025-07-01,paid_search,177,17,9.6
2025-07-01,paid_social,137,17,12.41
2025-07-02,affiliate,94,2,2.13
2025-07-02,email,122,6,4.92
2025-07-02,organic,237,13,5.49
2025-07-02,paid_search,207,12,5.8
2025-07-02,paid_social,135,10,7.41
2025-07-03,affiliate,64,4,6.25
2025-07-03,email,70,11,15.71
2025-07-03,organic,168,15,8.93
2025-07-03,paid_search,141,11,7.8
2025-07-03,paid_social,100,11,11.0
2025-07-04,affiliate,60,8,13.33
2025-07-04,email,104,9,8.65
2025-07-04,organic,205,14,6.83
2025-07-04,paid_search,172,15,8.72
2025-07-04,paid_social,123,20,16.26
2025-07-05,affiliate,68,9,13.24
2025-07-05,email,102,8,7.84
2025-07-05,organic,198,24,12.12
2025-07-05,paid_search,157,15,9.55
2025-07-05,paid_social,129,13,10.08
2025-07-06,affiliate,82,2,2.44
2025-07-06,email,98,6,6.12
2025-07-06,organic,236,19,8.05
2025-07-06,paid_search,189,11,5.82
2025-07-06,paid_social,160,15,9.38
2025-07-07,affiliate,53,9,16.98
2025-07-07,email,86,15,17.44
2025-07-07,organic,175,26,14.86
2025-07-07,paid_search,139,25,17.99
2025-07-07,paid_social,119,23,19.33
2025-07-08,affiliate,69,5,7.25
2025-07-08,email,102,8,7.84
2025-07-08,organic,208,24,11.54
2025-07-08,paid_search,169,19,11.24
2025-07-08,paid_social,135,15,11.11
2025-07-09,affiliate,41,11,26.83
2025-07-09,email,66,9,13.64
2025-07-09,organic,131,11,8.4
2025-07-09,paid_search,92,13,14.13
2025-07-09,paid_social,100,10,10.0
2025-07-10,affiliate,91,2,2.2
2025-07-10,email,122,2,1.64
2025-07-10,organic,248,12,4.84
2025-07-10,paid_search,205,9,4.39
2025-07-10,paid_social,164,10,6.1
2025-07-11,affiliate,75,10,13.33
2025-07-11,email,109,16,14.68
2025-07-11,organic,213,19,8.92
2025-07-11,paid_search,172,24,13.95
2025-07-11,paid_social,138,38,27.54
2025-07-12,affiliate,52,9,17.31
2025-07-12,email,77,9,11.69
2025-07-12,organic,159,23,14.47
2025-07-12,paid_search,128,26,20.31
2025-07-12,paid_social,109,18,16.51
2025-07-13,affiliate,73,10,13.7
2025-07-13,email,135,11,8.15
2025-07-13,organic,234,20,8.55
2025-07-13,paid_search,194,14,7.22
2025-07-13,paid_social,141,15,10.64
2025-07-14,affiliate,77,13,16.88
2025-07-14,email,115,16,13.91
2025-07-14,organic,251,20,7.97
2025-07-14,paid_search,226,19,8.41
2025-07-14,paid_social,176,21,11.93
2025-07-15,affiliate,58,10,17.24
2025-07-15,email,100,12,12.0
2025-07-15,organic,211,17,8.06
2025-07-15,paid_search,135,18,13.33
2025-07-15,paid_social,142,22,15.49
2025-07-16,affiliate,55,11,20.0
2025-07-16,email,84,9,10.71
2025-07-16,organic,136,22,16.18
2025-07-16,paid_search,128,33,25.78
2025-07-16,paid_social,113,32,28.32
2025-07-17,affiliate,72,5,6.94
2025-07-17,email,92,11,11.96
2025-07-17,organic,190,17,8.95
2025-07-17,paid_search,146,26,17.81
2025-07-17,paid_social,125,16,12.8
2025-07-18,affiliate,92,10,10.87
2025-07-18,email,125,14,11.2
2025-07-18,organic,265,22,8.3
2025-07-18,paid_search,223,19,8.52
2025-07-18,paid_social,167,14,8.38
2025-07-19,affiliate,65,6,9.23
2025-07-19,email,96,21,21.88
2025-07-19,organic,195,29,14.87
2025-07-19,paid_search,169,16,9.47
2025-07-19,paid_social,125,19,15.2
2025-07-20,affiliate,60,4,6.67
2025-07-20,email,75,6,8.0
2025-07-20,organic,147,12,8.16
2025-07-20,paid_search,129,15,11.63
2025-07-20,paid_social,94,12,12.77
2025-07-21,affiliate,42,10,23.81
2025-07-21,email,78,9,11.54
2025-07-21,organic,124,17,13.71
2025-07-21,paid_search,106,19,17.92
2025-07-21,paid_social,69,16,23.19
2025-07-22,affiliate,35,2,5.71
2025-07-22,email,61,17,27.87
2025-07-22,organic,117,24,20.51
2025-07-22,paid_search,108,21,19.44
2025-07-22,paid_social,94,20,21.28
2025-07-23,affiliate,58,7,12.07
2025-07-23,email,122,7,5.74
2025-07-23,organic,204,14,6.86
2025-07-23,paid_search,171,14,8.19
2025-07-23,paid_social,152,6,3.95
2025-07-24,affiliate,52,8,15.38
2025-07-24,email,88,7,7.95
2025-07-24,organic,154,15,9.74
2025-07-24,paid_search,126,23,18.25
2025-07-24,paid_social,103,17,16.5
2025-07-25,affiliate,74,11,14.86
2025-07-25,email,108,12,11.11
2025-07-25,organic,231,21,9.09
2025-07-25,paid_search,162,30,18.52
2025-07-25,paid_social,133,14,10.53
2025-07-26,affiliate,78,4,5.13
2025-07-26,email,99,14,14.14
2025-07-26,organic,215,26,12.09
2025-07-26,paid_search,190,26,13.68
2025-07-26,paid_social,169,20,11.83
2025-07-27,affiliate,89,12,13.48
2025-07-27,email,126,11,8.73
2025-07-27,organic,273,19,6.96
2025-07-27,paid_search,225,19,8.44
2025-07-27,paid_social,179,23,12.85
2025-07-28,affiliate,84,9,10.71
2025-07-28,email,108,11,10.19
2025-07-28,organic,237,33,13.92
2025-07-28,paid_search,185,21,11.35
2025-07-28,paid_social,125,14,11.2
2025-07-29,affiliate,46,3,6.52
2025-07-29,email,80,5,6.25
2025-07-29,organic,162,15,9.26
2025-07-29,paid_search,140,9,6.43
2025-07-29,paid_social,96,12,12.5
2025-07-30,affiliate,78,1,1.28
2025-07-30,email,112,9,8.04
2025-07-30,organic,263,19,7.22
2025-07-30,paid_search,196,10,5.1
2025-07-30,paid_social,149,9,6.04
2025-07-31,affiliate,64,4,6.25
2025-07-31,email,78,10,12.82
2025-07-31,organic,179,10,5.59
2025-07-31,paid_search,128,10,7.81
2025-07-31,paid_social,115,9,7.83
2025-08-01,affiliate,81,9,11.11
2025-08-01,email,107,14,13.08
2025-08-01,organic,222,22,9.91
2025-08-01,paid_search,213,21,9.86
2025-08-01,paid_social,164,24,14.63
2025-08-02,affiliate,71,11,15.49
2025-08-02,email,71,11,15.49
2025-08-02,organic,168,30,17.86
2025-08-02,paid_search,148,19,12.84
2025-08-02,paid_social,83,22,26.51
2025-08-03,affiliate,38,5,13.16
2025-08-03,email,73,9,12.33
2025-08-03,organic,135,17,12.59
2025-08-03,paid_search,94,19,20.21
2025-08-03,paid_social,81,16,19.75
2025-08-04,affiliate,76,2,2.63
2025-08-04,email,138,4,2.9
2025-08-04,organic,267,11,4.12
2025-08-04,paid_search,194,13,6.7
2025-08-04,paid_social,156,8,5.13
2025-08-05,affiliate,37,9,24.32
2025-08-05,email,60,11,18.33
2025-08-05,organic,142,18,12.68
2025-08-05,paid_search,82,20,24.39
2025-08-05,paid_social,81,19,23.46
2025-08-06,affiliate,57,5,8.77
2025-08-06,email,93,13,13.98
2025-08-06,organic,168,18,10.71
2025-08-06,paid_search,135,29,21.48
2025-08-06,paid_social,118,23,19.49
2025-08-07,affiliate,58,8,13.79
2025-08-07,email,86,7,8.14
2025-08-07,organic,209,21,10.05
2025-08-07,paid_search,153,29,18.95
2025-08-07,paid_social,115,26,22.61
2025-08-08,affiliate,57,6,10.53
2025-08-08,email,74,4,5.41
2025-08-08,organic,154,17,11.04
2025-08-08,paid_search,135,17,12.59
2025-08-08,paid_social,99,15,15.15
2025-08-09,affiliate,80,12,15.0
2025-08-09,email,148,14,9.46
2025-08-09,organic,256,32,12.5
2025-08-09,paid_search,211,39,18.48
2025-08-09,paid_social,192,7,3.65
2025-08-10,affiliate,47,9,19.15
2025-08-10,email,73,20,27.4
2025-08-10,organic,166,32,19.28
2025-08-10,paid_search,140,24,17.14
2025-08-10,paid_social,102,22,21.57
2025-08-11,affiliate,59,2,3.39
2025-08-11,email,52,4,7.69
2025-08-11,organic,164,14,8.54
2025-08-11,paid_search,110,11,10.0
2025-08-11,paid_social,84,7,8.33
2025-08-12,affiliate,66,2,3.03
2025-08-12,email,76,6,7.89
2025-08-12,organic,180,15,8.33
2025-08-12,paid_search,164,12,7.32
2025-08-12,paid_social,128,8,6.25
2025-08-13,affiliate,46,5,10.87
2025-08-13,email,69,15,21.74
2025-08-13,organic,154,23,14.94
2025-08-13,paid_search,129,23,17.83
2025-08-13,paid_social,102,11,10.78
2025-08-14,affiliate,50,11,22.0
2025-08-14,email,74,9,12.16
2025-08-14,organic,119,15,12.61
2025-08-14,paid_search,115,28,24.35
2025-08-14,paid_social,107,18,16.82
2025-08-15,affiliate,74,3,4.05
2025-08-15,email,115,11,9.57
2025-08-15,organic,194,19,9.79
2025-08-15,paid_search,200,9,4.5
2025-08-15,paid_social,171,7,4.09
2025-08-16,affiliate,69,10,14.49
2025-08-16,email,119,18,15.13
2025-08-16,organic,191,23,12.04
2025-08-16,paid_search,164,23,14.02
2025-08-16,paid_social,121,35,28.93
2025-08-17,affiliate,60,10,16.67
2025-08-17,email,93,10,10.75
2025-08-17,organic,157,11,7.01
2025-08-17,paid_search,118,17,14.41
2025-08-17,paid_social,105,15,14.29
2025-08-18,affiliate,48,9,18.75
2025-08-18,email,70,9,12.86
2025-08-18,organic,131,24,18.32
2025-08-18,paid_search,121,16,13.22
2025-08-18,paid_social,81,21,25.93
2025-08-19,affiliate,45,2,4.44
2025-08-19,email,66,3,4.55
2025-08-19,organic,144,9,6.25
2025-08-19,paid_search,112,13,11.61
2025-08-19,paid_social,94,8,8.51
2025-08-20,affiliate,84,6,7.14
2025-08-20,email,127,6,4.72
2025-08-20,organic,241,11,4.56
2025-08-20,paid_search,198,8,4.04
2025-08-20,paid_social,174,7,4.02
2025-08-21,affiliate,69,8,11.59
2025-08-21,email,69,21,30.43
2025-08-21,organic,157,24,15.29
2025-08-21,paid_search,132,21,15.91
2025-08-21,paid_social,99,21,21.21
2025-08-22,affiliate,60,6,10.0
2025-08-22,email,108,14,12.96
2025-08-22,organic,237,27,11.39
2025-08-22,paid_search,188,25,13.3
2025-08-22,paid_social,155,13,8.39
2025-08-23,affiliate,55,4,7.27
2025-08-23,email,96,9,9.38
2025-08-23,organic,206,10,4.85
2025-08-23,paid_search,155,16,10.32
2025-08-23,paid_social,127,10,7.87
2025-08-24,affiliate,66,7,10.61
2025-08-24,email,99,14,14.14
2025-08-24,organic,188,20,10.64
2025-08-24,paid_search,104,18,17.31
2025-08-24,paid_social,116,18,15.52
2025-08-25,affiliate,75,10,13.33
2025-08-25,email,113,11,9.73
2025-08-25,organic,245,18,7.35
2025-08-25,paid_search,199,17,8.54
2025-08-25,paid_social,165,20,12.12
2025-08-26,affiliate,85,6,7.06
2025-08-26,email,144,15,10.42
2025-08-26,organic,226,33,14.6
2025-08-26,paid_search,208,19,9.13
2025-08-26,paid_social,154,19,12.34
2025-08-27,affiliate,61,8,13.11
2025-08-27,email,101,9,8.91
2025-08-27,organic,203,27,13.3
2025-08-27,paid_search,166,21,12.65
2025-08-27,paid_social,158,20,12.66
2025-08-28,affiliate,60,6,10.0
2025-08-28,email,80,4,5.0
2025-08-28,organic,175,12,6.86
2025-08-28,paid_search,144,8,5.56
2025-08-28,paid_social,113,14,12.39
2025-08-29,affiliate,51,10,19.61
2025-08-29,email,69,14,20.29
2025-08-29,organic,168,15,8.93
2025-08-29,paid_search,121,17,14.05
2025-08-29,paid_social,88,14,15.91
2025-08-30,affiliate,47,7,14.89
2025-08-30,email,73,9,12.33
2025-08-30,organic,137,10,7.3
2025-08-30,paid_search,114,10,8.77
2025-08-30,paid_social,94,18,19.15
2025-08-31,affiliate,76,6,7.89
2025-08-31,email,113,7,6.19
2025-08-31,organic,207,25,12.08
2025-08-31,paid_search,191,22,11.52
2025-08-31,paid_social,159,14,8.81
2025-09-01,affiliate,58,9,15.52
2025-09-01,email,73,10,13.7
2025-09-01,organic,181,26,14.36
2025-09-01,paid_search,119,33,27.73
2025-09-01,paid_social,115,22,19.13
2025-09-02,affiliate,48,11,22.92
2025-09-02,email,67,16,23.88
2025-09-02,organic,139,19,13.67
2025-09-02,paid_search,106,32,30.19
2025-09-02,paid_social,89,22,24.72
2025-09-03,affiliate,38,5,13.16
2025-09-03,email,57,14,24.56
2025-09-03,organic,148,31,20.95
2025-09-03,paid_search,114,27,23.68
2025-09-03,paid_social,99,28,28.28
2025-09-04,affiliate,53,9,16.98
2025-09-04,email,106,7,6.6
2025-09-04,organic,174,18,10.34
2025-09-04,paid_search,144,22,15.28
2025-09-04,paid_social,116,15,12.93
2025-09-05,affiliate,50,10,20.0
2025-09-05,email,69,8,11.59
2025-09-05,organic,135,31,22.96
2025-09-05,paid_search,133,29,21.8
2025-09-05,paid_social,81,28,34.57
2025-09-06,affiliate,70,14,20.0
2025-09-06,email,75,13,17.33
2025-09-06,organic,149,36,24.16
2025-09-06,paid_search,102,30,29.41
2025-09-06,paid_social,94,12,12.77
2025-09-07,affiliate,45,3,6.67
2025-09-07,email,70,13,18.57
2025-09-07,organic,170,18,10.59
2025-09-07,paid_search,125,14,11.2
2025-09-07,paid_social,111,22,19.82
2025-09-08,affiliate,98,3,3.06
2025-09-08,email,119,12,10.08
2025-09-08,organic,237,26,10.97
2025-09-08,paid_search,185,31,16.76
2025-09-08,paid_social,162,25,15.43
2025-09-09,affiliate,43,1,2.33
2025-09-09,email,69,1,1.45
2025-09-09,organic,121,10,8.26
2025-09-09,paid_search,97,13,13.4
2025-09-09,paid_social,80,11,13.75
2025-09-10,affiliate,57,5,8.77
2025-09-10,email,84,7,8.33
2025-09-10,organic,177,12,6.78
2025-09-10,paid_search,132,21,15.91
2025-09-10,paid_social,119,19,15.97
2025-09-11,affiliate,46,6,13.04
2025-09-11,email,71,5,7.04
2025-09-11,organic,141,19,13.48
2025-09-11,paid_search,144,9,6.25
2025-09-11,paid_social,95,8,8.42
2025-09-12,affiliate,63,10,15.87
2025-09-12,email,86,5,5.81
2025-09-12,organic,149,29,19.46
2025-09-12,paid_search,128,18,14.06
2025-09-12,paid_social,97,16,16.49
2025-09-13,affiliate,41,6,14.63
2025-09-13,email,80,7,8.75
2025-09-13,organic,150,17,11.33
2025-09-13,paid_search,122,11,9.02
2025-09-13,paid_social,110,9,8.18
2025-09-14,affiliate,76,8,10.53
2025-09-14,email,128,9,7.03
2025-09-14,organic,252,18,7.14
2025-09-14,paid_search,184,20,10.87
2025-09-14,paid_social,161,10,6.21
2025-09-15,affiliate,38,2,5.26
2025-09-15,email,77,12,15.58
2025-09-15,organic,130,21,16.15
2025-09-15,paid_search,126,21,16.67
2025-09-15,paid_social,95,24,25.26
2025-09-16,affiliate,70,11,15.71
2025-09-16,email,80,12,15.0
2025-09-16,organic,186,35,18.82
2025-09-16,paid_search,162,27,16.67
2025-09-16,paid_social,130,17,13.08
2025-09-17,affiliate,84,5,5.95
2025-09-17,email,124,8,6.45
2025-09-17,organic,218,13,5.96
2025-09-17,paid_search,198,10,5.05
2025-09-17,paid_social,186,10,5.38
2025-09-18,affiliate,73,7,9.59
2025-09-18,email,120,6,5.0
2025-09-18,organic,266,11,4.14
2025-09-18,paid_search,236,19,8.05
2025-09-18,paid_social,194,15,7.73
2025-09-19,affiliate,74,12,16.22
2025-09-19,email,90,13,14.44
2025-09-19,organic,220,28,12.73
2025-09-19,paid_search,169,12,7.1
2025-09-19,paid_social,150,14,9.33
2025-09-20,affiliate,67,11,16.42
2025-09-20,email,79,12,15.19
2025-09-20,organic,178,14,7.87
2025-09-20,paid_search,155,20,12.9
2025-09-20,paid_social,115,21,18.26
2025-09-21,affiliate,71,14,19.72
2025-09-21,email,112,11,9.82
2025-09-21,organic,196,29,14.8
2025-09-21,paid_search,198,16,8.08
2025-09-21,paid_social,132,19,14.39
2025-09-22,affiliate,66,5,7.58
2025-09-22,email,117,13,11.11
2025-09-22,organic,195,21,10.77
2025-09-22,paid_search,172,28,16.28
2025-09-22,paid_social,111,24,21.62
2025-09-23,affiliate,51,10,19.61
2025-09-23,email,75,16,21.33
2025-09-23,organic,136,22,16.18
2025-09-23,paid_search,143,19,13.29
2025-09-23,paid_social,70,18,25.71
2025-09-24,affiliate,65,9,13.85
2025-09-24,email,121,14,11.57
2025-09-24,organic,188,17,9.04
2025-09-24,paid_search,173,25,14.45
2025-09-24,paid_social,163,20,12.27
2025-09-25,affiliate,44,6,13.64
2025-09-25,email,72,18,25.0
2025-09-25,organic,134,24,17.91
2025-09-25,paid_search,108,15,13.89
2025-09-25,paid_social,97,27,27.84
2025-09-26,affiliate,83,9,10.84
2025-09-26,email,95,15,15.79
2025-09-26,organic,213,23,10.8
2025-09-26,paid_search,173,26,15.03
2025-09-26,paid_social,157,25,15.92
2025-09-27,affiliate,54,6,11.11
2025-09-27,email,99,13,13.13
2025-09-27,organic,198,28,14.14
2025-09-27,paid_search,158,23,14.56
2025-09-27,paid_social,119,31,26.05
2025-09-28,affiliate,56,5,8.93
2025-09-28,email,103,8,7.77
2025-09-28,organic,177,8,4.52
2025-09-28,paid_search,168,14,8.33
2025-09-28,paid_social,122,11,9.02
