spend_date,channel,campaign,impressions,clicks,spend_usd
2025-06-01,paid_search,brand_search_q4,29502,953,1048.13
2025-06-01,paid_search,generic_shoes,19047,165,587.96
2025-06-01,paid_search,retargeting_search,79471,3411,1003.64
2025-06-01,paid_social,meta_prospecting,11934,897,801.09
2025-06-01,paid_social,meta_retarget,44660,1862,524.72
2025-06-01,paid_social,tiktok_awareness,25381,3225,690.9
2025-06-01,affiliate,partner_blog,55997,3408,1057.43
2025-06-01,affiliate,coupon_site,63842,1260,877.16
2025-06-02,paid_search,brand_search_q4,67662,1164,233.75
2025-06-02,paid_search,generic_shoes,67517,1568,255.69
2025-06-02,paid_search,retargeting_search,16908,2957,612.66
2025-06-02,paid_social,meta_prospecting,66326,90,821.24
2025-06-02,paid_social,meta_retarget,58955,1974,721.25
2025-06-02,paid_social,tiktok_awareness,42317,2973,778.1
2025-06-02,affiliate,partner_blog,54227,1532,299.77
2025-06-02,affiliate,coupon_site,7694,1945,382.92
2025-06-03,paid_search,brand_search_q4,65201,2123,1189.43
2025-06-03,paid_search,generic_shoes,69998,559,595.92
2025-06-03,paid_search,retargeting_search,17551,374,911.88
2025-06-03,paid_social,meta_prospecting,56189,1394,87.62
2025-06-03,paid_social,meta_retarget,37853,2428,1099.74
2025-06-03,paid_social,tiktok_awareness,30364,1052,966.75
2025-06-03,affiliate,partner_blog,26372,989,777.72
2025-06-03,affiliate,coupon_site,62132,2617,681.94
2025-06-04,paid_search,brand_search_q4,59670,2998,926.94
2025-06-04,paid_search,generic_shoes,55069,2292,493.15
2025-06-04,paid_search,retargeting_search,68900,3410,217.63
2025-06-04,paid_social,meta_prospecting,17803,1568,304.95
2025-06-04,paid_social,meta_retarget,22571,1214,730.88
2025-06-04,paid_social,tiktok_awareness,12547,2483,981.86
2025-06-04,affiliate,partner_blog,41726,2762,641.51
2025-06-04,affiliate,coupon_site,53894,3384,52.37
2025-06-05,paid_search,brand_search_q4,18288,1723,263.75
2025-06-05,paid_search,generic_shoes,66446,1063,718.01
2025-06-05,paid_search,retargeting_search,35156,3317,88.02
2025-06-05,paid_social,meta_prospecting,75607,908,1174.41
2025-06-05,paid_social,meta_retarget,54502,983,201.92
2025-06-05,paid_social,tiktok_awareness,31339,2807,853.87
2025-06-05,affiliate,partner_blog,16715,666,670.5
2025-06-05,affiliate,coupon_site,15822,3238,122.35
2025-06-06,paid_search,brand_search_q4,27396,1035,249.64
2025-06-06,paid_search,generic_shoes,32599,2806,910.89
2025-06-06,paid_search,retargeting_search,25778,1844,1128.77
2025-06-06,paid_social,meta_prospecting,55395,2606,1109.43
2025-06-06,paid_social,meta_retarget,70474,1055,464.22
2025-06-06,paid_social,tiktok_awareness,20621,540,144.69
2025-06-06,affiliate,partner_blog,26491,1422,128.01
2025-06-06,affiliate,coupon_site,79521,762,436.14
2025-06-07,paid_search,brand_search_q4,79120,1456,225.69
2025-06-07,paid_search,generic_shoes,32485,2758,1080.21
2025-06-07,paid_search,retargeting_search,30420,1542,627.9
2025-06-07,paid_social,meta_prospecting,74388,107,131.61
2025-06-07,paid_social,meta_retarget,5573,2268,381.6
2025-06-07,paid_social,tiktok_awareness,21063,1803,798.04
2025-06-07,affiliate,partner_blog,51402,552,426.4
2025-06-07,affiliate,coupon_site,47524,1224,525.64
2025-06-08,paid_search,brand_search_q4,70962,290,1020.54
2025-06-08,paid_search,generic_shoes,67479,3004,402.27
2025-06-08,paid_search,retargeting_search,49676,787,98.35
2025-06-08,paid_social,meta_prospecting,58179,383,491.81
2025-06-08,paid_social,meta_retarget,37194,3318,762.13
2025-06-08,paid_social,tiktok_awareness,32478,980,712.93
2025-06-08,affiliate,partner_blog,65846,3044,255.38
2025-06-08,affiliate,coupon_site,19900,1920,765.09
2025-06-09,paid_search,brand_search_q4,74442,2075,504.25
2025-06-09,paid_search,generic_shoes,68357,326,747.07
2025-06-09,paid_search,retargeting_search,73173,3101,649.51
2025-06-09,paid_social,meta_prospecting,79877,1549,950.36
2025-06-09,paid_social,meta_retarget,79853,2861,989.62
2025-06-09,paid_social,tiktok_awareness,33637,2078,976.73
2025-06-09,affiliate,partner_blog,19111,2044,349.0
2025-06-09,affiliate,coupon_site,71777,2641,149.02
2025-06-10,paid_search,brand_search_q4,56237,1781,388.74
2025-06-10,paid_search,generic_shoes,73754,2606,53.2
2025-06-10,paid_search,retargeting_search,20851,2008,348.58
2025-06-10,paid_social,meta_prospecting,63930,3069,570.19
2025-06-10,paid_social,meta_retarget,11683,3127,78.07
2025-06-10,paid_social,tiktok_awareness,72962,1817,1003.38
2025-06-10,affiliate,partner_blog,26515,406,262.66
2025-06-10,affiliate,coupon_site,51715,2620,1140.12
2025-06-11,paid_search,brand_search_q4,42729,2357,507.38
2025-06-11,paid_search,generic_shoes,20416,1299,1023.2
2025-06-11,paid_search,retargeting_search,28702,1894,694.59
2025-06-11,paid_social,meta_prospecting,34140,1990,657.63
2025-06-11,paid_social,meta_retarget,23455,3330,266.94
2025-06-11,paid_social,tiktok_awareness,15824,1366,331.41
2025-06-11,affiliate,partner_blog,30676,2732,749.26
2025-06-11,affiliate,coupon_site,49597,2462,952.39
2025-06-12,paid_search,brand_search_q4,70636,492,669.86
2025-06-12,paid_search,generic_shoes,69999,1958,1054.47
2025-06-12,paid_search,retargeting_search,79107,1965,828.27
2025-06-12,paid_social,meta_prospecting,39207,2573,372.81
2025-06-12,paid_social,meta_retarget,75471,2099,477.88
2025-06-12,paid_social,tiktok_awareness,75010,3245,187.02
2025-06-12,affiliate,partner_blog,12993,879,550.44
2025-06-12,affiliate,coupon_site,21600,2677,782.41
2025-06-13,paid_search,brand_search_q4,48575,2991,247.85
2025-06-13,paid_search,generic_shoes,32031,1598,357.65
2025-06-13,paid_search,retargeting_search,42708,979,272.0
2025-06-13,paid_social,meta_prospecting,25459,310,991.55
2025-06-13,paid_social,meta_retarget,9020,3126,816.21
2025-06-13,paid_social,tiktok_awareness,39992,315,184.08
2025-06-13,affiliate,partner_blog,78577,926,274.52
2025-06-13,affiliate,coupon_site,37517,732,281.13
2025-06-14,paid_search,brand_search_q4,64245,1567,117.32
2025-06-14,paid_search,generic_shoes,57107,1372,113.33
2025-06-14,paid_search,retargeting_search,7987,2592,321.07
2025-06-14,paid_social,meta_prospecting,36345,2194,66.59
2025-06-14,paid_social,meta_retarget,50205,2912,581.68
2025-06-14,paid_social,tiktok_awareness,78037,2770,1097.88
2025-06-14,affiliate,partner_blog,67403,3255,69.34
2025-06-14,affiliate,coupon_site,27436,2667,647.12
2025-06-15,paid_search,brand_search_q4,44671,175,405.04
2025-06-15,paid_search,generic_shoes,31184,2102,259.35
2025-06-15,paid_search,retargeting_search,24095,3233,1006.52
2025-06-15,paid_social,meta_prospecting,37463,1986,253.97
2025-06-15,paid_social,meta_retarget,30697,1415,313.61
2025-06-15,paid_social,tiktok_awareness,67448,2269,1029.18
2025-06-15,affiliate,partner_blog,26657,304,645.67
2025-06-15,affiliate,coupon_site,26826,2019,383.93
2025-06-16,paid_search,brand_search_q4,42637,1250,770.64
2025-06-16,paid_search,generic_shoes,46595,3035,198.28
2025-06-16,paid_search,retargeting_search,74339,3171,417.63
2025-06-16,paid_social,meta_prospecting,76723,1930,531.02
2025-06-16,paid_social,meta_retarget,74704,793,351.83
2025-06-16,paid_social,tiktok_awareness,30068,2067,1060.45
2025-06-16,affiliate,partner_blog,33552,992,269.6
2025-06-16,affiliate,coupon_site,61064,453,395.55
2025-06-17,paid_search,brand_search_q4,46867,3115,1005.2
2025-06-17,paid_search,generic_shoes,17616,1237,776.25
2025-06-17,paid_search,retargeting_search,56507,1320,281.47
2025-06-17,paid_social,meta_prospecting,71716,1910,475.37
2025-06-17,paid_social,meta_retarget,35323,1403,285.2
2025-06-17,paid_social,tiktok_awareness,31482,2556,384.82
2025-06-17,affiliate,partner_blog,43591,2550,865.45
2025-06-17,affiliate,coupon_site,77800,418,90.5
2025-06-18,paid_search,brand_search_q4,74761,1752,395.29
2025-06-18,paid_search,generic_shoes,57882,1098,714.44
2025-06-18,paid_search,retargeting_search,53002,1935,181.54
2025-06-18,paid_social,meta_prospecting,77781,3328,710.73
2025-06-18,paid_social,meta_retarget,38577,1952,154.39
2025-06-18,paid_social,tiktok_awareness,75760,677,514.77
2025-06-18,affiliate,partner_blog,72785,469,232.35
2025-06-18,affiliate,coupon_site,55393,1670,736.51
2025-06-19,paid_search,brand_search_q4,21249,441,892.27
2025-06-19,paid_search,generic_shoes,30755,610,336.77
2025-06-19,paid_search,retargeting_search,31944,1432,249.15
2025-06-19,paid_social,meta_prospecting,46589,1302,140.91
2025-06-19,paid_social,meta_retarget,33106,2651,840.58
2025-06-19,paid_social,tiktok_awareness,28095,2170,104.25
2025-06-19,affiliate,partner_blog,74559,3108,343.1
2025-06-19,affiliate,coupon_site,20767,2776,1165.13
2025-06-20,paid_search,brand_search_q4,65490,2296,821.71
2025-06-20,paid_search,generic_shoes,7517,2909,781.66
2025-06-20,paid_search,retargeting_search,9936,2221,162.77
2025-06-20,paid_social,meta_prospecting,14130,1460,83.19
2025-06-20,paid_social,meta_retarget,28534,1587,540.31
2025-06-20,paid_social,tiktok_awareness,5282,954,354.62
2025-06-20,affiliate,partner_blog,25486,662,680.0
2025-06-20,affiliate,coupon_site,56796,2445,625.52
2025-06-21,paid_search,brand_search_q4,64818,1323,701.69
2025-06-21,paid_search,generic_shoes,25905,3106,921.17
2025-06-21,paid_search,retargeting_search,50653,81,992.2
2025-06-21,paid_social,meta_prospecting,36281,2561,560.5
2025-06-21,paid_social,meta_retarget,48988,1371,220.59
2025-06-21,paid_social,tiktok_awareness,18397,3411,978.2
2025-06-21,affiliate,partner_blog,45928,1242,181.42
2025-06-21,affiliate,coupon_site,69501,1572,490.56
2025-06-22,paid_search,brand_search_q4,73880,3046,611.13
2025-06-22,paid_search,generic_shoes,38328,2386,597.57
2025-06-22,paid_search,retargeting_search,73696,3499,446.68
2025-06-22,paid_social,meta_prospecting,60750,2878,1144.57
2025-06-22,paid_social,meta_retarget,12920,1068,528.14
2025-06-22,paid_social,tiktok_awareness,55813,1779,778.97
2025-06-22,affiliate,partner_blog,48954,619,375.94
2025-06-22,affiliate,coupon_site,39961,2560,741.31
2025-06-23,paid_search,brand_search_q4,44209,2442,805.5
2025-06-23,paid_search,generic_shoes,18514,410,1026.88
2025-06-23,paid_search,retargeting_search,60591,2559,300.29
2025-06-23,paid_social,meta_prospecting,14863,2935,696.1
2025-06-23,paid_social,meta_retarget,76202,1214,378.88
2025-06-23,paid_social,tiktok_awareness,58926,723,369.99
2025-06-23,affiliate,partner_blog,36722,2656,779.45
2025-06-23,affiliate,coupon_site,71551,249,754.77
2025-06-24,paid_search,brand_search_q4,54184,1220,286.59
2025-06-24,paid_search,generic_shoes,78489,1726,1092.29
2025-06-24,paid_search,retargeting_search,36478,1985,764.41
2025-06-24,paid_social,meta_prospecting,76978,3319,753.16
2025-06-24,paid_social,meta_retarget,49154,1886,624.75
2025-06-24,paid_social,tiktok_awareness,33971,2174,590.87
2025-06-24,affiliate,partner_blog,46948,1717,1106.24
2025-06-24,affiliate,coupon_site,40663,2229,715.3
2025-06-25,paid_search,brand_search_q4,52690,1382,167.47
2025-06-25,paid_search,generic_shoes,66025,3342,762.06
2025-06-25,paid_search,retargeting_search,70806,2646,182.21
2025-06-25,paid_social,meta_prospecting,28016,2930,509.49
2025-06-25,paid_social,meta_retarget,72484,89,637.55
2025-06-25,paid_social,tiktok_awareness,47934,1644,791.32
2025-06-25,affiliate,partner_blog,57054,2506,87.34
2025-06-25,affiliate,coupon_site,14590,1686,601.73
2025-06-26,paid_search,brand_search_q4,66869,573,97.0
2025-06-26,paid_search,generic_shoes,69252,3427,610.58
2025-06-26,paid_search,retargeting_search,41391,3197,594.87
2025-06-26,paid_social,meta_prospecting,12920,1102,769.01
2025-06-26,paid_social,meta_retarget,53952,419,743.41
2025-06-26,paid_social,tiktok_awareness,26292,1447,81.28
2025-06-26,affiliate,partner_blog,10685,2246,228.97
2025-06-26,affiliate,coupon_site,16806,697,296.48
2025-06-27,paid_search,brand_search_q4,36442,1102,316.73
2025-06-27,paid_search,generic_shoes,28441,982,290.32
2025-06-27,paid_search,retargeting_search,61753,3410,525.99
2025-06-27,paid_social,meta_prospecting,48344,1945,1066.4
2025-06-27,paid_social,meta_retarget,23452,713,937.97
2025-06-27,paid_social,tiktok_awareness,22625,261,356.67
2025-06-27,affiliate,partner_blog,41843,1879,270.83
2025-06-27,affiliate,coupon_site,18582,86,1157.19
2025-06-28,paid_search,brand_search_q4,48332,1515,329.76
2025-06-28,paid_search,generic_shoes,22953,1286,269.82
2025-06-28,paid_search,retargeting_search,9106,247,308.19
2025-06-28,paid_social,meta_prospecting,15974,3439,552.7
2025-06-28,paid_social,meta_retarget,70615,2586,1026.59
2025-06-28,paid_social,tiktok_awareness,28783,2528,731.19
2025-06-28,affiliate,partner_blog,15774,1853,61.87
2025-06-28,affiliate,coupon_site,18416,2920,1078.8
2025-06-29,paid_search,brand_search_q4,41412,1155,534.68
2025-06-29,paid_search,generic_shoes,61601,2453,187.01
2025-06-29,paid_search,retargeting_search,48365,3104,1022.65
2025-06-29,paid_social,meta_prospecting,31514,1926,733.77
2025-06-29,paid_social,meta_retarget,26734,2248,865.42
2025-06-29,paid_social,tiktok_awareness,34913,775,576.48
2025-06-29,affiliate,partner_blog,36595,936,125.07
2025-06-29,affiliate,coupon_site,58509,2282,798.57
2025-06-30,paid_search,brand_search_q4,63809,459,736.96
2025-06-30,paid_search,generic_shoes,8172,3368,308.43
2025-06-30,paid_search,retargeting_search,62072,3119,371.59
2025-06-30,paid_social,meta_prospecting,73605,3424,1014.93
2025-06-30,paid_social,meta_retarget,22760,638,876.89
2025-06-30,paid_social,tiktok_awareness,69522,2808,612.78
2025-06-30,affiliate,partner_blog,59164,1823,227.89
2025-06-30,affiliate,coupon_site,49916,2490,556.38
2025-07-01,paid_search,brand_search_q4,24083,239,81.95
2025-07-01,paid_search,generic_shoes,35671,3359,1087.68
2025-07-01,paid_search,retargeting_search,56878,85,356.02
2025-07-01,paid_social,meta_prospecting,43366,1032,500.49
2025-07-01,paid_social,meta_retarget,43645,2190,1145.57
2025-07-01,paid_social,tiktok_awareness,74634,1697,102.65
2025-07-01,affiliate,partner_blog,34521,1902,707.63
2025-07-01,affiliate,coupon_site,52597,1466,340.81
2025-07-02,paid_search,brand_search_q4,9284,2929,296.92
2025-07-02,paid_search,generic_shoes,37445,2371,139.08
2025-07-02,paid_search,retargeting_search,41129,1074,1035.86
2025-07-02,paid_social,meta_prospecting,51636,700,872.13
2025-07-02,paid_social,meta_retarget,66735,174,686.63
2025-07-02,paid_social,tiktok_awareness,15279,2056,1065.0
2025-07-02,affiliate,partner_blog,18973,1497,735.56
2025-07-02,affiliate,coupon_site,46532,771,208.74
2025-07-03,paid_search,brand_search_q4,52668,2245,674.52
2025-07-03,paid_search,generic_shoes,61292,2255,41.95
2025-07-03,paid_search,retargeting_search,71501,1134,645.05
2025-07-03,paid_social,meta_prospecting,26324,2683,462.09
2025-07-03,paid_social,meta_retarget,78366,827,1196.6
2025-07-03,paid_social,tiktok_awareness,49016,968,725.89
2025-07-03,affiliate,partner_blog,10769,2670,342.22
2025-07-03,affiliate,coupon_site,74743,950,78.05
2025-07-04,paid_search,brand_search_q4,31058,1071,334.33
2025-07-04,paid_search,generic_shoes,7800,1437,963.24
2025-07-04,paid_search,retargeting_search,51011,528,643.97
2025-07-04,paid_social,meta_prospecting,76634,3148,1163.53
2025-07-04,paid_social,meta_retarget,72212,353,806.53
2025-07-04,paid_social,tiktok_awareness,75744,444,277.45
2025-07-04,affiliate,partner_blog,69163,507,449.69
2025-07-04,affiliate,coupon_site,72986,307,1133.92
2025-07-05,paid_search,brand_search_q4,37586,2894,817.04
2025-07-05,paid_search,generic_shoes,79267,1341,997.93
2025-07-05,paid_search,retargeting_search,71785,995,170.9
2025-07-05,paid_social,meta_prospecting,76338,2574,721.32
2025-07-05,paid_social,meta_retarget,21605,412,347.54
2025-07-05,paid_social,tiktok_awareness,52686,989,48.72
2025-07-05,affiliate,partner_blog,42197,298,1026.58
2025-07-05,affiliate,coupon_site,26955,997,619.44
2025-07-06,paid_search,brand_search_q4,60785,1671,445.9
2025-07-06,paid_search,generic_shoes,53492,1622,1177.72
2025-07-06,paid_search,retargeting_search,8549,3409,729.57
2025-07-06,paid_social,meta_prospecting,29552,471,697.08
2025-07-06,paid_social,meta_retarget,36626,2114,431.06
2025-07-06,paid_social,tiktok_awareness,62982,3105,203.55
2025-07-06,affiliate,partner_blog,14064,2705,111.23
2025-07-06,affiliate,coupon_site,33294,2033,1115.05
2025-07-07,paid_search,brand_search_q4,42540,1656,782.44
2025-07-07,paid_search,generic_shoes,53318,1826,1133.61
2025-07-07,paid_search,retargeting_search,71542,3253,389.16
2025-07-07,paid_social,meta_prospecting,9873,2631,794.18
2025-07-07,paid_social,meta_retarget,58763,371,579.27
2025-07-07,paid_social,tiktok_awareness,6247,3476,107.87
2025-07-07,affiliate,partner_blog,54555,1489,351.03
2025-07-07,affiliate,coupon_site,9350,584,902.02
2025-07-08,paid_search,brand_search_q4,62790,2647,52.01
2025-07-08,paid_search,generic_shoes,36690,2982,200.94
2025-07-08,paid_search,retargeting_search,28905,1653,740.07
2025-07-08,paid_social,meta_prospecting,65165,980,610.86
2025-07-08,paid_social,meta_retarget,15052,1103,986.4
2025-07-08,paid_social,tiktok_awareness,9579,2180,363.08
2025-07-08,affiliate,partner_blog,42368,3326,1166.74
2025-07-08,affiliate,coupon_site,27454,3161,287.03
2025-07-09,paid_search,brand_search_q4,65521,1570,588.81
2025-07-09,paid_search,generic_shoes,7884,1799,622.07
2025-07-09,paid_search,retargeting_search,37924,708,732.63
2025-07-09,paid_social,meta_prospecting,41953,1901,143.85
2025-07-09,paid_social,meta_retarget,41069,145,179.66
2025-07-09,paid_social,tiktok_awareness,18955,795,759.66
2025-07-09,affiliate,partner_blog,6127,2770,126.45
2025-07-09,affiliate,coupon_site,56969,434,132.15
2025-07-10,paid_search,brand_search_q4,39149,2738,138.65
2025-07-10,paid_search,generic_shoes,52445,3391,462.33
2025-07-10,paid_search,retargeting_search,17971,1268,116.75
2025-07-10,paid_social,meta_prospecting,54725,2738,121.98
2025-07-10,paid_social,meta_retarget,13810,1599,131.07
2025-07-10,paid_social,tiktok_awareness,13673,1039,1172.52
2025-07-10,affiliate,partner_blog,54934,758,508.7
2025-07-10,affiliate,coupon_site,30308,2364,991.59
2025-07-11,paid_search,brand_search_q4,8910,3158,180.63
2025-07-11,paid_search,generic_shoes,29988,1368,1190.63
2025-07-11,paid_search,retargeting_search,15447,563,970.21
2025-07-11,paid_social,meta_prospecting,21236,320,642.78
2025-07-11,paid_social,meta_retarget,58621,1469,974.81
2025-07-11,paid_social,tiktok_awareness,34060,1871,527.1
2025-07-11,affiliate,partner_blog,53023,202,1140.03
2025-07-11,affiliate,coupon_site,53811,793,613.64
2025-07-12,paid_search,brand_search_q4,63906,2713,1051.96
2025-07-12,paid_search,generic_shoes,74783,620,1002.77
2025-07-12,paid_search,retargeting_search,15418,2154,399.08
2025-07-12,paid_social,meta_prospecting,43874,1271,1075.78
2025-07-12,paid_social,meta_retarget,9139,3292,285.38
2025-07-12,paid_social,tiktok_awareness,41068,821,541.47
2025-07-12,affiliate,partner_blog,60812,2003,753.79
2025-07-12,affiliate,coupon_site,72630,2105,928.29
2025-07-13,paid_search,brand_search_q4,12133,2014,1050.37
2025-07-13,paid_search,generic_shoes,53304,769,508.97
2025-07-13,paid_search,retargeting_search,16348,3112,785.44
2025-07-13,paid_social,meta_prospecting,51650,3001,464.36
2025-07-13,paid_social,meta_retarget,48046,1116,511.61
2025-07-13,paid_social,tiktok_awareness,79801,1404,729.22
2025-07-13,affiliate,partner_blog,52521,736,192.29
2025-07-13,affiliate,coupon_site,62346,2914,1064.89
2025-07-14,paid_search,brand_search_q4,14371,2585,609.78
2025-07-14,paid_search,generic_shoes,38540,1723,793.01
2025-07-14,paid_search,retargeting_search,29683,1768,1149.4
2025-07-14,paid_social,meta_prospecting,44703,3256,955.52
2025-07-14,paid_social,meta_retarget,25353,2331,517.73
2025-07-14,paid_social,tiktok_awareness,8404,1998,925.18
2025-07-14,affiliate,partner_blog,5100,3404,1048.53
2025-07-14,affiliate,coupon_site,52167,1754,633.49
2025-07-15,paid_search,brand_search_q4,18052,800,1160.6
2025-07-15,paid_search,generic_shoes,57484,219,614.7
2025-07-15,paid_search,retargeting_search,70457,831,715.37
2025-07-15,paid_social,meta_prospecting,50057,836,237.68
2025-07-15,paid_social,meta_retarget,69966,914,622.28
2025-07-15,paid_social,tiktok_awareness,28967,1070,376.1
2025-07-15,affiliate,partner_blog,70907,2824,267.99
2025-07-15,affiliate,coupon_site,24703,1482,1054.63
2025-07-16,paid_search,brand_search_q4,37332,3221,783.49
2025-07-16,paid_search,generic_shoes,41146,1963,294.28
2025-07-16,paid_search,retargeting_search,49070,377,556.01
2025-07-16,paid_social,meta_prospecting,5889,2753,242.85
2025-07-16,paid_social,meta_retarget,76753,1618,745.73
2025-07-16,paid_social,tiktok_awareness,57132,2495,551.92
2025-07-16,affiliate,partner_blog,26861,818,250.85
2025-07-16,affiliate,coupon_site,5708,2051,487.96
2025-07-17,paid_search,brand_search_q4,53031,361,907.31
2025-07-17,paid_search,generic_shoes,22758,2643,669.17
2025-07-17,paid_search,retargeting_search,48159,2480,122.96
2025-07-17,paid_social,meta_prospecting,69931,372,602.31
2025-07-17,paid_social,meta_retarget,23155,3238,254.37
2025-07-17,paid_social,tiktok_awareness,47511,2879,741.71
2025-07-17,affiliate,partner_blog,58232,3067,1033.83
2025-07-17,affiliate,coupon_site,68191,1970,608.42
2025-07-18,paid_search,brand_search_q4,5130,2357,866.3
2025-07-18,paid_search,generic_shoes,17360,293,929.23
2025-07-18,paid_search,retargeting_search,22874,724,93.03
2025-07-18,paid_social,meta_prospecting,44440,872,1055.26
2025-07-18,paid_social,meta_retarget,62288,2896,961.44
2025-07-18,paid_social,tiktok_awareness,54504,1636,1099.81
2025-07-18,affiliate,partner_blog,59859,3375,915.84
2025-07-18,affiliate,coupon_site,60936,2543,617.94
2025-07-19,paid_search,brand_search_q4,46086,2222,324.85
2025-07-19,paid_search,generic_shoes,24510,564,566.91
2025-07-19,paid_search,retargeting_search,63986,1136,825.65
2025-07-19,paid_social,meta_prospecting,49670,2912,859.87
2025-07-19,paid_social,meta_retarget,72601,2495,127.74
2025-07-19,paid_social,tiktok_awareness,68585,1807,804.48
2025-07-19,affiliate,partner_blog,59790,1690,1071.71
2025-07-19,affiliate,coupon_site,47373,2831,676.76
2025-07-20,paid_search,brand_search_q4,66199,297,795.3
2025-07-20,paid_search,generic_shoes,26122,728,843.1
2025-07-20,paid_search,retargeting_search,36802,2762,817.68
2025-07-20,paid_social,meta_prospecting,35652,87,464.86
2025-07-20,paid_social,meta_retarget,61296,1327,672.36
2025-07-20,paid_social,tiktok_awareness,55513,2454,1001.98
2025-07-20,affiliate,partner_blog,31094,1919,401.83
2025-07-20,affiliate,coupon_site,40922,2184,821.18
2025-07-21,paid_search,brand_search_q4,15406,462,1169.24
2025-07-21,paid_search,generic_shoes,6855,2803,1068.47
2025-07-21,paid_search,retargeting_search,19678,3218,531.51
2025-07-21,paid_social,meta_prospecting,36327,3064,596.13
2025-07-21,paid_social,meta_retarget,31181,2083,753.85
2025-07-21,paid_social,tiktok_awareness,47277,1049,443.21
2025-07-21,affiliate,partner_blog,77861,417,522.78
2025-07-21,affiliate,coupon_site,64223,958,725.68
2025-07-22,paid_search,brand_search_q4,78936,3230,844.82
2025-07-22,paid_search,generic_shoes,11446,2775,1177.76
2025-07-22,paid_search,retargeting_search,28501,2925,704.75
2025-07-22,paid_social,meta_prospecting,32447,3034,683.84
2025-07-22,paid_social,meta_retarget,61510,1409,350.53
2025-07-22,paid_social,tiktok_awareness,43238,2737,585.64
2025-07-22,affiliate,partner_blog,52196,3378,171.82
2025-07-22,affiliate,coupon_site,15125,1033,607.22
2025-07-23,paid_search,brand_search_q4,36972,1078,810.16
2025-07-23,paid_search,generic_shoes,40970,456,302.7
2025-07-23,paid_search,retargeting_search,21065,1539,831.05
2025-07-23,paid_social,meta_prospecting,10529,1447,172.57
2025-07-23,paid_social,meta_retarget,38079,3238,1079.35
2025-07-23,paid_social,tiktok_awareness,34658,380,444.86
2025-07-23,affiliate,partner_blog,41666,1223,321.57
2025-07-23,affiliate,coupon_site,22693,2970,832.12
2025-07-24,paid_search,brand_search_q4,50476,271,816.97
2025-07-24,paid_search,generic_shoes,36958,2952,927.43
2025-07-24,paid_search,retargeting_search,34814,3256,74.09
2025-07-24,paid_social,meta_prospecting,14282,346,165.2
2025-07-24,paid_social,meta_retarget,27163,2635,446.51
2025-07-24,paid_social,tiktok_awareness,61961,2914,954.6
2025-07-24,affiliate,partner_blog,68609,1209,120.29
2025-07-24,affiliate,coupon_site,41879,1877,82.2
2025-07-25,paid_search,brand_search_q4,73479,1766,1106.96
2025-07-25,paid_search,generic_shoes,24991,1022,1105.94
2025-07-25,paid_search,retargeting_search,33263,1931,309.29
2025-07-25,paid_social,meta_prospecting,68924,1775,551.28
2025-07-25,paid_social,meta_retarget,55562,1633,813.83
2025-07-25,paid_social,tiktok_awareness,32920,1024,534.51
2025-07-25,affiliate,partner_blog,62208,1915,980.01
2025-07-25,affiliate,coupon_site,15438,2887,1052.86
2025-07-26,paid_search,brand_search_q4,14063,1934,553.7
2025-07-26,paid_search,generic_shoes,11633,3028,94.32
2025-07-26,paid_search,retargeting_search,19124,2990,316.83
2025-07-26,paid_social,meta_prospecting,62348,2669,923.06
2025-07-26,paid_social,meta_retarget,10680,628,513.18
2025-07-26,paid_social,tiktok_awareness,39685,1307,305.64
2025-07-26,affiliate,partner_blog,60799,980,1099.76
2025-07-26,affiliate,coupon_site,41543,1539,462.63
2025-07-27,paid_search,brand_search_q4,48967,2617,1045.04
2025-07-27,paid_search,generic_shoes,39418,2250,886.54
2025-07-27,paid_search,retargeting_search,14193,2616,91.61
2025-07-27,paid_social,meta_prospecting,45011,952,347.27
2025-07-27,paid_social,meta_retarget,30612,869,1068.21
2025-07-27,paid_social,tiktok_awareness,66918,2185,610.27
2025-07-27,affiliate,partner_blog,38195,1119,301.26
2025-07-27,affiliate,coupon_site,48156,3111,519.19
2025-07-28,paid_search,brand_search_q4,47035,3450,514.23
2025-07-28,paid_search,generic_shoes,23917,783,499.16
2025-07-28,paid_search,retargeting_search,21652,2991,978.49
2025-07-28,paid_social,meta_prospecting,5193,266,586.9
2025-07-28,paid_social,meta_retarget,7770,2210,555.79
2025-07-28,paid_social,tiktok_awareness,78512,3476,83.32
2025-07-28,affiliate,partner_blog,77641,1763,49.44
2025-07-28,affiliate,coupon_site,30880,1276,445.52
2025-07-29,paid_search,brand_search_q4,11175,2481,916.45
2025-07-29,paid_search,generic_shoes,56731,1512,801.36
2025-07-29,paid_search,retargeting_search,24442,2949,428.92
2025-07-29,paid_social,meta_prospecting,11053,1620,972.71
2025-07-29,paid_social,meta_retarget,6118,132,395.53
2025-07-29,paid_social,tiktok_awareness,73248,599,1187.71
2025-07-29,affiliate,partner_blog,75496,1185,570.49
2025-07-29,affiliate,coupon_site,39187,397,786.2
2025-07-30,paid_search,brand_search_q4,26744,3482,692.83
2025-07-30,paid_search,generic_shoes,22301,1377,570.04
2025-07-30,paid_search,retargeting_search,37062,3126,1072.18
2025-07-30,paid_social,meta_prospecting,18993,2717,1152.5
2025-07-30,paid_social,meta_retarget,64800,3170,889.21
2025-07-30,paid_social,tiktok_awareness,11659,1548,1040.78
2025-07-30,affiliate,partner_blog,70281,285,1113.63
2025-07-30,affiliate,coupon_site,15923,1793,253.41
2025-07-31,paid_search,brand_search_q4,33001,690,820.05
2025-07-31,paid_search,generic_shoes,13611,2837,627.5
2025-07-31,paid_search,retargeting_search,47597,1066,308.02
2025-07-31,paid_social,meta_prospecting,34336,2052,45.4
2025-07-31,paid_social,meta_retarget,26902,1531,582.82
2025-07-31,paid_social,tiktok_awareness,15031,867,364.06
2025-07-31,affiliate,partner_blog,10915,2766,647.07
2025-07-31,affiliate,coupon_site,70347,410,638.24
2025-08-01,paid_search,brand_search_q4,35075,179,513.34
2025-08-01,paid_search,generic_shoes,25795,1194,943.24
2025-08-01,paid_search,retargeting_search,75276,3436,93.3
2025-08-01,paid_social,meta_prospecting,16064,1455,304.57
2025-08-01,paid_social,meta_retarget,7569,1679,514.76
2025-08-01,paid_social,tiktok_awareness,39865,2737,593.54
2025-08-01,affiliate,partner_blog,65431,3085,703.8
2025-08-01,affiliate,coupon_site,34062,3400,1185.56
2025-08-02,paid_search,brand_search_q4,7463,105,674.94
2025-08-02,paid_search,generic_shoes,41344,1713,994.43
2025-08-02,paid_search,retargeting_search,70742,1880,907.28
2025-08-02,paid_social,meta_prospecting,30815,2786,759.35
2025-08-02,paid_social,meta_retarget,79080,2061,796.63
2025-08-02,paid_social,tiktok_awareness,19119,2756,718.47
2025-08-02,affiliate,partner_blog,62077,1127,659.74
2025-08-02,affiliate,coupon_site,14545,394,541.27
2025-08-03,paid_search,brand_search_q4,58631,1046,215.68
2025-08-03,paid_search,generic_shoes,72651,2324,654.52
2025-08-03,paid_search,retargeting_search,56251,1749,111.33
2025-08-03,paid_social,meta_prospecting,77747,708,1136.11
2025-08-03,paid_social,meta_retarget,35656,595,1082.51
2025-08-03,paid_social,tiktok_awareness,41066,3104,126.82
2025-08-03,affiliate,partner_blog,43333,2202,549.06
2025-08-03,affiliate,coupon_site,42642,2675,535.1
2025-08-04,paid_search,brand_search_q4,6367,1893,551.8
2025-08-04,paid_search,generic_shoes,25137,1348,598.14
2025-08-04,paid_search,retargeting_search,59238,2561,1110.42
2025-08-04,paid_social,meta_prospecting,8328,1077,525.41
2025-08-04,paid_social,meta_retarget,42226,2355,1118.91
2025-08-04,paid_social,tiktok_awareness,37082,140,206.45
2025-08-04,affiliate,partner_blog,37585,565,347.05
2025-08-04,affiliate,coupon_site,59926,3417,476.13
2025-08-05,paid_search,brand_search_q4,67980,1053,464.22
2025-08-05,paid_search,generic_shoes,42565,1472,1116.17
2025-08-05,paid_search,retargeting_search,29681,3229,570.72
2025-08-05,paid_social,meta_prospecting,16838,3158,1187.1
2025-08-05,paid_social,meta_retarget,60615,1564,335.69
2025-08-05,paid_social,tiktok_awareness,22645,1420,85.74
2025-08-05,affiliate,partner_blog,6689,2039,569.0
2025-08-05,affiliate,coupon_site,35393,3024,449.83
2025-08-06,paid_search,brand_search_q4,21546,2082,1050.98
2025-08-06,paid_search,generic_shoes,18896,2179,90.81
2025-08-06,paid_search,retargeting_search,58908,1611,177.66
2025-08-06,paid_social,meta_prospecting,33295,1493,171.69
2025-08-06,paid_social,meta_retarget,72653,814,600.33
2025-08-06,paid_social,tiktok_awareness,24317,1474,792.24
2025-08-06,affiliate,partner_blog,61682,1777,727.79
2025-08-06,affiliate,coupon_site,67255,2074,319.57
2025-08-07,paid_search,brand_search_q4,61330,800,959.21
2025-08-07,paid_search,generic_shoes,79992,1697,1188.51
2025-08-07,paid_search,retargeting_search,31859,975,477.77
2025-08-07,paid_social,meta_prospecting,31945,3125,948.37
2025-08-07,paid_social,meta_retarget,16403,1543,320.97
2025-08-07,paid_social,tiktok_awareness,72402,151,472.46
2025-08-07,affiliate,partner_blog,60855,1920,1109.15
2025-08-07,affiliate,coupon_site,43302,2331,168.82
2025-08-08,paid_search,brand_search_q4,49587,1560,341.11
2025-08-08,paid_search,generic_shoes,73843,1313,1065.93
2025-08-08,paid_search,retargeting_search,16620,1086,641.53
2025-08-08,paid_social,meta_prospecting,17153,590,547.42
2025-08-08,paid_social,meta_retarget,61298,334,282.74
2025-08-08,paid_social,tiktok_awareness,56367,1580,1185.22
2025-08-08,affiliate,partner_blog,54995,691,622.59
2025-08-08,affiliate,coupon_site,23380,1208,949.78
2025-08-09,paid_search,brand_search_q4,63620,3286,519.03
2025-08-09,paid_search,generic_shoes,51960,316,1027.47
2025-08-09,paid_search,retargeting_search,26900,1479,636.92
2025-08-09,paid_social,meta_prospecting,46284,1239,588.48
2025-08-09,paid_social,meta_retarget,21397,3057,215.11
2025-08-09,paid_social,tiktok_awareness,59660,2746,821.99
2025-08-09,affiliate,partner_blog,48831,1369,532.41
2025-08-09,affiliate,coupon_site,53092,2395,645.03
2025-08-10,paid_search,brand_search_q4,74698,446,200.86
2025-08-10,paid_search,generic_shoes,18462,1732,564.42
2025-08-10,paid_search,retargeting_search,50339,1709,435.11
2025-08-10,paid_social,meta_prospecting,32356,3425,394.86
2025-08-10,paid_social,meta_retarget,33929,2049,840.07
2025-08-10,paid_social,tiktok_awareness,6431,1384,90.93
2025-08-10,affiliate,partner_blog,23254,2601,467.71
2025-08-10,affiliate,coupon_site,79696,2799,114.98
2025-08-11,paid_search,brand_search_q4,60112,1974,768.99
2025-08-11,paid_search,generic_shoes,11506,3444,801.41
2025-08-11,paid_search,retargeting_search,44820,1560,777.15
2025-08-11,paid_social,meta_prospecting,36108,768,453.81
2025-08-11,paid_social,meta_retarget,70096,1730,309.67
2025-08-11,paid_social,tiktok_awareness,72028,1264,614.18
2025-08-11,affiliate,partner_blog,12024,2636,701.61
2025-08-11,affiliate,coupon_site,21726,656,926.98
2025-08-12,paid_search,brand_search_q4,14245,2167,94.83
2025-08-12,paid_search,generic_shoes,34605,1661,1134.15
2025-08-12,paid_search,retargeting_search,17262,2920,838.32
2025-08-12,paid_social,meta_prospecting,39161,119,1170.04
2025-08-12,paid_social,meta_retarget,46308,1892,966.4
2025-08-12,paid_social,tiktok_awareness,37192,1580,554.02
2025-08-12,affiliate,partner_blog,26073,2169,587.26
2025-08-12,affiliate,coupon_site,11486,1502,128.85
2025-08-13,paid_search,brand_search_q4,35802,735,416.21
2025-08-13,paid_search,generic_shoes,49872,435,476.91
2025-08-13,paid_search,retargeting_search,18009,1944,666.63
2025-08-13,paid_social,meta_prospecting,27430,3237,199.84
2025-08-13,paid_social,meta_retarget,64952,224,1023.34
2025-08-13,paid_social,tiktok_awareness,15466,691,271.3
2025-08-13,affiliate,partner_blog,34492,1387,943.59
2025-08-13,affiliate,coupon_site,78706,1173,631.13
2025-08-14,paid_search,brand_search_q4,55597,1333,722.6
2025-08-14,paid_search,generic_shoes,18556,2820,682.14
2025-08-14,paid_search,retargeting_search,66397,433,316.11
2025-08-14,paid_social,meta_prospecting,51106,920,979.3
2025-08-14,paid_social,meta_retarget,10604,559,680.95
2025-08-14,paid_social,tiktok_awareness,35043,936,836.21
2025-08-14,affiliate,partner_blog,11969,806,520.81
2025-08-14,affiliate,coupon_site,29616,2437,820.28
2025-08-15,paid_search,brand_search_q4,52442,3229,131.79
2025-08-15,paid_search,generic_shoes,13314,1452,448.56
2025-08-15,paid_search,retargeting_search,40735,549,919.93
2025-08-15,paid_social,meta_prospecting,10728,1386,906.88
2025-08-15,paid_social,meta_retarget,74532,1147,1182.21
2025-08-15,paid_social,tiktok_awareness,23739,1736,170.2
2025-08-15,affiliate,partner_blog,40667,2917,1054.93
2025-08-15,affiliate,coupon_site,66716,1380,345.55
2025-08-16,paid_search,brand_search_q4,56551,850,92.89
2025-08-16,paid_search,generic_shoes,18832,2361,1123.33
2025-08-16,paid_search,retargeting_search,60105,933,217.25
2025-08-16,paid_social,meta_prospecting,44553,2656,482.99
2025-08-16,paid_social,meta_retarget,41587,2628,191.57
2025-08-16,paid_social,tiktok_awareness,65069,2617,497.56
2025-08-16,affiliate,partner_blog,13562,307,538.5
2025-08-16,affiliate,coupon_site,15261,3424,1172.37
2025-08-17,paid_search,brand_search_q4,33352,3129,50.11
2025-08-17,paid_search,generic_shoes,25382,317,866.66
2025-08-17,paid_search,retargeting_search,43903,3312,991.91
2025-08-17,paid_social,meta_prospecting,58750,2686,517.58
2025-08-17,paid_social,meta_retarget,25599,2044,874.06
2025-08-17,paid_social,tiktok_awareness,48345,751,816.09
2025-08-17,affiliate,partner_blog,36005,3420,356.01
2025-08-17,affiliate,coupon_site,53902,2347,314.32
2025-08-18,paid_search,brand_search_q4,12279,2107,205.32
2025-08-18,paid_search,generic_shoes,43890,189,994.33
2025-08-18,paid_search,retargeting_search,39574,1688,182.83
2025-08-18,paid_social,meta_prospecting,27823,1216,230.19
2025-08-18,paid_social,meta_retarget,12250,2315,69.6
2025-08-18,paid_social,tiktok_awareness,59457,1854,997.81
2025-08-18,affiliate,partner_blog,8006,351,198.46
2025-08-18,affiliate,coupon_site,45709,2499,1014.03
2025-08-19,paid_search,brand_search_q4,18680,639,647.26
2025-08-19,paid_search,generic_shoes,54742,1941,847.23
2025-08-19,paid_search,retargeting_search,7205,2342,819.7
2025-08-19,paid_social,meta_prospecting,39937,2577,529.71
2025-08-19,paid_social,meta_retarget,33507,2676,123.13
2025-08-19,paid_social,tiktok_awareness,72262,2386,413.2
2025-08-19,affiliate,partner_blog,57205,2982,112.08
2025-08-19,affiliate,coupon_site,24418,1038,321.21
2025-08-20,paid_search,brand_search_q4,69260,467,620.37
2025-08-20,paid_search,generic_shoes,48754,879,397.58
2025-08-20,paid_search,retargeting_search,14764,2827,477.78
2025-08-20,paid_social,meta_prospecting,68886,1521,639.53
2025-08-20,paid_social,meta_retarget,61725,2883,601.24
2025-08-20,paid_social,tiktok_awareness,18656,1153,792.15
2025-08-20,affiliate,partner_blog,16749,2151,837.35
2025-08-20,affiliate,coupon_site,47910,2016,854.29
2025-08-21,paid_search,brand_search_q4,74743,2319,1132.7
2025-08-21,paid_search,generic_shoes,34922,2616,122.03
2025-08-21,paid_search,retargeting_search,39552,2646,152.43
2025-08-21,paid_social,meta_prospecting,79746,3101,579.19
2025-08-21,paid_social,meta_retarget,17288,2490,210.25
2025-08-21,paid_social,tiktok_awareness,52799,1983,814.41
2025-08-21,affiliate,partner_blog,55671,1967,237.13
2025-08-21,affiliate,coupon_site,47333,1288,1111.27
2025-08-22,paid_search,brand_search_q4,11912,1906,226.48
2025-08-22,paid_search,generic_shoes,33200,3027,477.73
2025-08-22,paid_search,retargeting_search,13474,2285,736.12
2025-08-22,paid_social,meta_prospecting,43977,456,293.29
2025-08-22,paid_social,meta_retarget,60561,2472,1024.47
2025-08-22,paid_social,tiktok_awareness,11954,378,1114.05
2025-08-22,affiliate,partner_blog,69584,2845,1023.87
2025-08-22,affiliate,coupon_site,74506,91,740.87
2025-08-23,paid_search,brand_search_q4,37291,2835,340.06
2025-08-23,paid_search,generic_shoes,37711,1656,1167.36
2025-08-23,paid_search,retargeting_search,5416,1036,482.52
2025-08-23,paid_social,meta_prospecting,9238,1063,283.87
2025-08-23,paid_social,meta_retarget,56457,3236,692.07
2025-08-23,paid_social,tiktok_awareness,22112,3204,237.41
2025-08-23,affiliate,partner_blog,52656,1276,837.13
2025-08-23,affiliate,coupon_site,72871,2925,935.89
2025-08-24,paid_search,brand_search_q4,9581,859,183.37
2025-08-24,paid_search,generic_shoes,55359,323,345.0
2025-08-24,paid_search,retargeting_search,26435,2220,234.52
2025-08-24,paid_social,meta_prospecting,32027,1559,1164.04
2025-08-24,paid_social,meta_retarget,78712,1598,103.07
2025-08-24,paid_social,tiktok_awareness,46392,2368,209.3
2025-08-24,affiliate,partner_blog,14110,1966,595.53
2025-08-24,affiliate,coupon_site,54790,747,1077.78
2025-08-25,paid_search,brand_search_q4,31041,2294,567.72
2025-08-25,paid_search,generic_shoes,58685,2715,308.27
2025-08-25,paid_search,retargeting_search,49524,1731,669.74
2025-08-25,paid_social,meta_prospecting,15758,2363,391.65
2025-08-25,paid_social,meta_retarget,24750,617,308.04
2025-08-25,paid_social,tiktok_awareness,27575,2534,1059.4
2025-08-25,affiliate,partner_blog,13819,278,979.52
2025-08-25,affiliate,coupon_site,63324,2248,947.65
2025-08-26,paid_search,brand_search_q4,72705,1290,521.42
2025-08-26,paid_search,generic_shoes,31522,1160,408.09
2025-08-26,paid_search,retargeting_search,79695,1082,709.93
2025-08-26,paid_social,meta_prospecting,11603,1166,495.83
2025-08-26,paid_social,meta_retarget,39103,1373,888.36
2025-08-26,paid_social,tiktok_awareness,26704,1509,924.55
2025-08-26,affiliate,partner_blog,56919,2244,556.49
2025-08-26,affiliate,coupon_site,23058,3291,53.45
2025-08-27,paid_search,brand_search_q4,30202,2813,133.49
2025-08-27,paid_search,generic_shoes,32127,3299,837.81
2025-08-27,paid_search,retargeting_search,46287,2250,413.41
2025-08-27,paid_social,meta_prospecting,23869,2487,465.03
2025-08-27,paid_social,meta_retarget,57415,1072,1026.4
2025-08-27,paid_social,tiktok_awareness,53074,989,383.63
2025-08-27,affiliate,partner_blog,40614,561,123.68
2025-08-27,affiliate,coupon_site,64396,3347,637.24
2025-08-28,paid_search,brand_search_q4,7015,1702,173.62
2025-08-28,paid_search,generic_shoes,46900,1524,657.6
2025-08-28,paid_search,retargeting_search,62272,1301,531.22
2025-08-28,paid_social,meta_prospecting,25704,3473,725.38
2025-08-28,paid_social,meta_retarget,36520,2489,1119.29
2025-08-28,paid_social,tiktok_awareness,30397,417,833.98
2025-08-28,affiliate,partner_blog,15493,2280,147.11
2025-08-28,affiliate,coupon_site,5900,2429,327.58
2025-08-29,paid_search,brand_search_q4,31779,3303,285.22
2025-08-29,paid_search,generic_shoes,47782,1808,382.3
2025-08-29,paid_search,retargeting_search,7877,540,478.38
2025-08-29,paid_social,meta_prospecting,42365,2476,262.46
2025-08-29,paid_social,meta_retarget,78379,2987,657.2
2025-08-29,paid_social,tiktok_awareness,50191,3076,777.15
2025-08-29,affiliate,partner_blog,73354,3471,495.73
2025-08-29,affiliate,coupon_site,40793,3247,1131.24
2025-08-30,paid_search,brand_search_q4,9792,2223,819.45
2025-08-30,paid_search,generic_shoes,46300,3206,857.82
2025-08-30,paid_search,retargeting_search,47928,1178,126.02
2025-08-30,paid_social,meta_prospecting,77657,1932,986.54
2025-08-30,paid_social,meta_retarget,56064,2883,913.01
2025-08-30,paid_social,tiktok_awareness,67565,1523,673.77
2025-08-30,affiliate,partner_blog,5935,2978,950.2
2025-08-30,affiliate,coupon_site,32332,2001,123.37
2025-08-31,paid_search,brand_search_q4,30901,2547,1130.93
2025-08-31,paid_search,generic_shoes,17353,2948,1006.99
2025-08-31,paid_search,retargeting_search,68749,1970,235.05
2025-08-31,paid_social,meta_prospecting,17726,2945,945.99
2025-08-31,paid_social,meta_retarget,42627,2343,732.14
2025-08-31,paid_social,tiktok_awareness,52561,1864,517.71
2025-08-31,affiliate,partner_blog,16157,3057,642.07
2025-08-31,affiliate,coupon_site,49656,3353,370.18
2025-09-01,paid_search,brand_search_q4,12556,402,190.45
2025-09-01,paid_search,generic_shoes,77300,2495,629.09
2025-09-01,paid_search,retargeting_search,30158,1581,175.08
2025-09-01,paid_social,meta_prospecting,56302,1950,316.32
2025-09-01,paid_social,meta_retarget,41299,806,1178.51
2025-09-01,paid_social,tiktok_awareness,14699,1193,634.37
2025-09-01,affiliate,partner_blog,30330,2306,892.14
2025-09-01,affiliate,coupon_site,24499,3277,643.45
2025-09-02,paid_search,brand_search_q4,52551,1414,170.83
2025-09-02,paid_search,generic_shoes,51224,377,1100.56
2025-09-02,paid_search,retargeting_search,7401,1246,801.02
2025-09-02,paid_social,meta_prospecting,41154,3336,1168.85
2025-09-02,paid_social,meta_retarget,70298,2577,1155.25
2025-09-02,paid_social,tiktok_awareness,51827,243,813.77
2025-09-02,affiliate,partner_blog,43227,2467,807.2
2025-09-02,affiliate,coupon_site,74077,549,218.06
2025-09-03,paid_search,brand_search_q4,63023,3182,111.19
2025-09-03,paid_search,generic_shoes,71059,1500,605.65
2025-09-03,paid_search,retargeting_search,66913,1912,1120.34
2025-09-03,paid_social,meta_prospecting,11537,1614,62.5
2025-09-03,paid_social,meta_retarget,76486,2964,94.49
2025-09-03,paid_social,tiktok_awareness,72033,432,1087.23
2025-09-03,affiliate,partner_blog,36569,648,151.9
2025-09-03,affiliate,coupon_site,40920,2514,733.65
2025-09-04,paid_search,brand_search_q4,7315,2396,226.54
2025-09-04,paid_search,generic_shoes,56067,3316,921.32
2025-09-04,paid_search,retargeting_search,74148,1034,570.68
2025-09-04,paid_social,meta_prospecting,24415,2215,213.34
2025-09-04,paid_social,meta_retarget,75462,1917,764.38
2025-09-04,paid_social,tiktok_awareness,17492,1035,212.01
2025-09-04,affiliate,partner_blog,74613,634,79.18
2025-09-04,affiliate,coupon_site,74373,3493,516.69
2025-09-05,paid_search,brand_search_q4,44897,2837,1175.54
2025-09-05,paid_search,generic_shoes,30272,1963,1014.26
2025-09-05,paid_search,retargeting_search,20169,2893,947.55
2025-09-05,paid_social,meta_prospecting,68901,2300,520.73
2025-09-05,paid_social,meta_retarget,45444,287,210.54
2025-09-05,paid_social,tiktok_awareness,59139,3086,88.55
2025-09-05,affiliate,partner_blog,49381,2228,860.28
2025-09-05,affiliate,coupon_site,50554,2765,857.11
2025-09-06,paid_search,brand_search_q4,43717,768,293.13
2025-09-06,paid_search,generic_shoes,42911,2484,955.5
2025-09-06,paid_search,retargeting_search,52417,1991,367.43
2025-09-06,paid_social,meta_prospecting,12376,2336,1125.11
2025-09-06,paid_social,meta_retarget,34576,2492,1146.72
2025-09-06,paid_social,tiktok_awareness,57898,2371,696.35
2025-09-06,affiliate,partner_blog,62219,2576,420.85
2025-09-06,affiliate,coupon_site,5366,3376,605.46
2025-09-07,paid_search,brand_search_q4,22155,2736,430.5
2025-09-07,paid_search,generic_shoes,5170,2522,285.38
2025-09-07,paid_search,retargeting_search,34296,1569,870.97
2025-09-07,paid_social,meta_prospecting,11765,2515,303.35
2025-09-07,paid_social,meta_retarget,49842,3130,916.54
2025-09-07,paid_social,tiktok_awareness,17076,920,492.87
2025-09-07,affiliate,partner_blog,6699,783,67.73
2025-09-07,affiliate,coupon_site,61434,2095,606.07
2025-09-08,paid_search,brand_search_q4,52364,1515,287.13
2025-09-08,paid_search,generic_shoes,19896,969,296.46
2025-09-08,paid_search,retargeting_search,40558,2195,1176.22
2025-09-08,paid_social,meta_prospecting,68564,2108,1006.92
2025-09-08,paid_social,meta_retarget,12726,2661,497.47
2025-09-08,paid_social,tiktok_awareness,53183,719,323.94
2025-09-08,affiliate,partner_blog,45923,223,170.69
2025-09-08,affiliate,coupon_site,5011,1090,871.7
2025-09-09,paid_search,brand_search_q4,6015,1958,178.32
2025-09-09,paid_search,generic_shoes,75158,2335,854.32
2025-09-09,paid_search,retargeting_search,62325,553,507.98
2025-09-09,paid_social,meta_prospecting,15364,581,736.69
2025-09-09,paid_social,meta_retarget,35493,248,761.83
2025-09-09,paid_social,tiktok_awareness,9512,2861,754.14
2025-09-09,affiliate,partner_blog,16113,2855,903.98
2025-09-09,affiliate,coupon_site,77914,3481,85.19
2025-09-10,paid_search,brand_search_q4,23191,1387,990.12
2025-09-10,paid_search,generic_shoes,47088,1861,683.37
2025-09-10,paid_search,retargeting_search,57725,3488,467.66
2025-09-10,paid_social,meta_prospecting,65854,1796,1004.74
2025-09-10,paid_social,meta_retarget,58329,2576,1086.08
2025-09-10,paid_social,tiktok_awareness,43328,2059,951.61
2025-09-10,affiliate,partner_blog,44319,2863,455.21
2025-09-10,affiliate,coupon_site,49654,1354,462.02
2025-09-11,paid_search,brand_search_q4,58955,374,395.08
2025-09-11,paid_search,generic_shoes,30799,2797,816.61
2025-09-11,paid_search,retargeting_search,35048,1441,516.13
2025-09-11,paid_social,meta_prospecting,38802,2313,1136.13
2025-09-11,paid_social,meta_retarget,68055,2165,759.35
2025-09-11,paid_social,tiktok_awareness,19412,1265,739.73
2025-09-11,affiliate,partner_blog,22957,2564,871.65
2025-09-11,affiliate,coupon_site,32704,2778,352.41
2025-09-12,paid_search,brand_search_q4,27484,2786,700.82
2025-09-12,paid_search,generic_shoes,77838,2912,605.07
2025-09-12,paid_search,retargeting_search,58078,2626,730.74
2025-09-12,paid_social,meta_prospecting,18564,2526,887.09
2025-09-12,paid_social,meta_retarget,76797,2765,792.61
2025-09-12,paid_social,tiktok_awareness,5285,2614,867.07
2025-09-12,affiliate,partner_blog,69982,283,948.12
2025-09-12,affiliate,coupon_site,76593,593,373.43
2025-09-13,paid_search,brand_search_q4,60755,830,1041.63
2025-09-13,paid_search,generic_shoes,57743,275,203.24
2025-09-13,paid_search,retargeting_search,62180,665,793.12
2025-09-13,paid_social,meta_prospecting,78271,1836,280.33
2025-09-13,paid_social,meta_retarget,29215,1672,1112.25
2025-09-13,paid_social,tiktok_awareness,33116,2701,738.96
2025-09-13,affiliate,partner_blog,79055,1277,649.26
2025-09-13,affiliate,coupon_site,69239,1216,818.81
2025-09-14,paid_search,brand_search_q4,50104,877,228.33
2025-09-14,paid_search,generic_shoes,22282,2428,1193.31
2025-09-14,paid_search,retargeting_search,26070,174,684.52
2025-09-14,paid_social,meta_prospecting,25108,1634,540.0
2025-09-14,paid_social,meta_retarget,52720,2073,794.88
2025-09-14,paid_social,tiktok_awareness,51072,2464,290.95
2025-09-14,affiliate,partner_blog,77824,1099,1154.35
2025-09-14,affiliate,coupon_site,15525,1505,832.08
2025-09-15,paid_search,brand_search_q4,30693,334,1082.81
2025-09-15,paid_search,generic_shoes,62400,1713,168.08
2025-09-15,paid_search,retargeting_search,67067,2109,761.74
2025-09-15,paid_social,meta_prospecting,79945,643,906.27
2025-09-15,paid_social,meta_retarget,79229,929,312.88
2025-09-15,paid_social,tiktok_awareness,53258,3314,353.53
2025-09-15,affiliate,partner_blog,16997,1493,625.8
2025-09-15,affiliate,coupon_site,29512,3281,415.24
2025-09-16,paid_search,brand_search_q4,17170,1861,399.93
2025-09-16,paid_search,generic_shoes,5822,1263,1052.21
2025-09-16,paid_search,retargeting_search,28041,675,924.83
2025-09-16,paid_social,meta_prospecting,14531,1659,745.43
2025-09-16,paid_social,meta_retarget,31229,1317,838.7
2025-09-16,paid_social,tiktok_awareness,14911,3262,737.58
2025-09-16,affiliate,partner_blog,27683,1623,822.93
2025-09-16,affiliate,coupon_site,75156,2741,246.27
2025-09-17,paid_search,brand_search_q4,37368,2633,528.7
2025-09-17,paid_search,generic_shoes,6364,780,832.53
2025-09-17,paid_search,retargeting_search,48772,3167,551.24
2025-09-17,paid_social,meta_prospecting,74069,1353,242.72
2025-09-17,paid_social,meta_retarget,44562,253,321.57
2025-09-17,paid_social,tiktok_awareness,40288,724,599.33
2025-09-17,affiliate,partner_blog,32144,2847,1079.49
2025-09-17,affiliate,coupon_site,11031,1152,1002.67
2025-09-18,paid_search,brand_search_q4,59780,1295,389.76
2025-09-18,paid_search,generic_shoes,10156,662,1096.3
2025-09-18,paid_search,retargeting_search,13907,552,626.13
2025-09-18,paid_social,meta_prospecting,35328,1340,173.59
2025-09-18,paid_social,meta_retarget,6963,224,541.05
2025-09-18,paid_social,tiktok_awareness,34279,1193,606.38
2025-09-18,affiliate,partner_blog,76457,992,648.02
2025-09-18,affiliate,coupon_site,70266,1734,1083.76
2025-09-19,paid_search,brand_search_q4,40533,1720,752.09
2025-09-19,paid_search,generic_shoes,45488,1638,1010.16
2025-09-19,paid_search,retargeting_search,28942,735,1118.1
2025-09-19,paid_social,meta_prospecting,10790,3320,464.87
2025-09-19,paid_social,meta_retarget,34617,554,458.66
2025-09-19,paid_social,tiktok_awareness,58645,1071,575.33
2025-09-19,affiliate,partner_blog,13434,1616,753.94
2025-09-19,affiliate,coupon_site,15060,1024,1094.18
2025-09-20,paid_search,brand_search_q4,34446,2600,168.0
2025-09-20,paid_search,generic_shoes,69469,752,833.99
2025-09-20,paid_search,retargeting_search,79624,502,1133.9
2025-09-20,paid_social,meta_prospecting,78279,3384,707.13
2025-09-20,paid_social,meta_retarget,73640,2555,415.66
2025-09-20,paid_social,tiktok_awareness,38857,557,228.92
2025-09-20,affiliate,partner_blog,9565,1502,281.69
2025-09-20,affiliate,coupon_site,21258,483,274.47
2025-09-21,paid_search,brand_search_q4,47410,2123,801.0
2025-09-21,paid_search,generic_shoes,39931,992,112.75
2025-09-21,paid_search,retargeting_search,70577,827,965.91
2025-09-21,paid_social,meta_prospecting,71462,1242,1000.1
2025-09-21,paid_social,meta_retarget,39986,2706,351.4
2025-09-21,paid_social,tiktok_awareness,16035,1904,506.89
2025-09-21,affiliate,partner_blog,73184,189,589.98
2025-09-21,affiliate,coupon_site,25522,3358,971.9
2025-09-22,paid_search,brand_search_q4,62281,489,627.4
2025-09-22,paid_search,generic_shoes,33432,363,141.82
2025-09-22,paid_search,retargeting_search,14856,1846,543.04
2025-09-22,paid_social,meta_prospecting,30725,2000,287.44
2025-09-22,paid_social,meta_retarget,18676,2306,153.9
2025-09-22,paid_social,tiktok_awareness,19020,2580,730.74
2025-09-22,affiliate,partner_blog,66092,1257,1198.09
2025-09-22,affiliate,coupon_site,59766,3462,722.66
2025-09-23,paid_search,brand_search_q4,10105,2905,895.98
2025-09-23,paid_search,generic_shoes,40962,1309,58.11
2025-09-23,paid_search,retargeting_search,72728,2182,60.89
2025-09-23,paid_social,meta_prospecting,9697,1835,701.15
2025-09-23,paid_social,meta_retarget,42541,1590,565.71
2025-09-23,paid_social,tiktok_awareness,49263,2217,689.02
2025-09-23,affiliate,partner_blog,71076,1372,1197.45
2025-09-23,affiliate,coupon_site,19606,698,755.28
2025-09-24,paid_search,brand_search_q4,69576,3270,658.87
2025-09-24,paid_search,generic_shoes,22680,2839,477.88
2025-09-24,paid_search,retargeting_search,56442,2379,164.66
2025-09-24,paid_social,meta_prospecting,72241,680,669.98
2025-09-24,paid_social,meta_retarget,56518,2378,775.78
2025-09-24,paid_social,tiktok_awareness,15444,2203,359.95
2025-09-24,affiliate,partner_blog,33875,3197,993.75
2025-09-24,affiliate,coupon_site,37562,887,97.54
2025-09-25,paid_search,brand_search_q4,77952,2284,709.88
2025-09-25,paid_search,generic_shoes,30651,726,892.09
2025-09-25,paid_search,retargeting_search,74378,92,1140.68
2025-09-25,paid_social,meta_prospecting,56835,1657,207.44
2025-09-25,paid_social,meta_retarget,53524,602,344.32
2025-09-25,paid_social,tiktok_awareness,41457,2669,1162.36
2025-09-25,affiliate,partner_blog,29156,2663,487.45
2025-09-25,affiliate,coupon_site,19563,2817,1053.34
2025-09-26,paid_search,brand_search_q4,31676,88,1030.0
2025-09-26,paid_search,generic_shoes,15112,112,950.85
2025-09-26,paid_search,retargeting_search,42061,1296,497.42
2025-09-26,paid_social,meta_prospecting,46024,2843,684.07
2025-09-26,paid_social,meta_retarget,53433,2715,706.33
2025-09-26,paid_social,tiktok_awareness,69331,3239,225.29
2025-09-26,affiliate,partner_blog,22842,154,1141.16
2025-09-26,affiliate,coupon_site,38150,1559,830.25
2025-09-27,paid_search,brand_search_q4,63330,264,886.15
2025-09-27,paid_search,generic_shoes,10518,2028,882.75
2025-09-27,paid_search,retargeting_search,56121,1168,1170.78
2025-09-27,paid_social,meta_prospecting,17802,2098,695.3
2025-09-27,paid_social,meta_retarget,72239,1010,364.95
2025-09-27,paid_social,tiktok_awareness,60541,2744,860.53
2025-09-27,affiliate,partner_blog,12443,2939,868.88
2025-09-27,affiliate,coupon_site,76237,2139,838.53
2025-09-28,paid_search,brand_search_q4,45805,422,1177.01
2025-09-28,paid_search,generic_shoes,24643,1642,63.14
2025-09-28,paid_search,retargeting_search,52679,3439,647.1
2025-09-28,paid_social,meta_prospecting,44811,1523,641.08
2025-09-28,paid_social,meta_retarget,74453,3248,100.3
2025-09-28,paid_social,tiktok_awareness,61570,385,158.2
2025-09-28,affiliate,partner_blog,48536,877,300.06
2025-09-28,affiliate,coupon_site,24153,2421,976.98
